"dataset_code";"layer_code";"current_layer_code";"model";"scenario";"year"
"Bio-ORACLE";"BO_A1B_2100_salinity";"BO_salinity";"UKMO-HadCM3";"A1B";2100
"Bio-ORACLE";"BO_A1B_2100_sstmax";"BO_sstmax";"UKMO-HadCM3";"A1B";2100
"Bio-ORACLE";"BO_A1B_2100_sstmean";"BO_sstmean";"UKMO-HadCM3";"A1B";2100
"Bio-ORACLE";"BO_A1B_2100_sstmin";"BO_sstmin";"UKMO-HadCM3";"A1B";2100
"Bio-ORACLE";"BO_A1B_2100_sstrange";"BO_sstrange";"UKMO-HadCM3";"A1B";2100
"Bio-ORACLE";"BO_A1B_2200_salinity";"BO_salinity";"UKMO-HadCM3";"A1B";2200
"Bio-ORACLE";"BO_A1B_2200_sstmax";"BO_sstmax";"UKMO-HadCM3";"A1B";2200
"Bio-ORACLE";"BO_A1B_2200_sstmean";"BO_sstmean";"UKMO-HadCM3";"A1B";2200
"Bio-ORACLE";"BO_A1B_2200_sstmin";"BO_sstmin";"UKMO-HadCM3";"A1B";2200
"Bio-ORACLE";"BO_A1B_2200_sstrange";"BO_sstrange";"UKMO-HadCM3";"A1B";2200
"Bio-ORACLE";"BO_A2_2100_salinity";"BO_salinity";"UKMO-HadCM3";"A2";2100
"Bio-ORACLE";"BO_A2_2100_sstmax";"BO_sstmax";"UKMO-HadCM3";"A2";2100
"Bio-ORACLE";"BO_A2_2100_sstmean";"BO_sstmean";"UKMO-HadCM3";"A2";2100
"Bio-ORACLE";"BO_A2_2100_sstmin";"BO_sstmin";"UKMO-HadCM3";"A2";2100
"Bio-ORACLE";"BO_A2_2100_sstrange";"BO_sstrange";"UKMO-HadCM3";"A2";2100
"Bio-ORACLE";"BO_B1_2100_salinity";"BO_salinity";"UKMO-HadCM3";"B1";2100
"Bio-ORACLE";"BO_B1_2100_sstmax";"BO_sstmax";"UKMO-HadCM3";"B1";2100
"Bio-ORACLE";"BO_B1_2100_sstmean";"BO_sstmean";"UKMO-HadCM3";"B1";2100
"Bio-ORACLE";"BO_B1_2100_sstmin";"BO_sstmin";"UKMO-HadCM3";"B1";2100
"Bio-ORACLE";"BO_B1_2100_sstrange";"BO_sstrange";"UKMO-HadCM3";"B1";2100
"Bio-ORACLE";"BO_B1_2200_salinity";"BO_salinity";"UKMO-HadCM3";"B1";2200
"Bio-ORACLE";"BO_B1_2200_sstmax";"BO_sstmax";"UKMO-HadCM3";"B1";2200
"Bio-ORACLE";"BO_B1_2200_sstmean";"BO_sstmean";"UKMO-HadCM3";"B1";2200
"Bio-ORACLE";"BO_B1_2200_sstmin";"BO_sstmin";"UKMO-HadCM3";"B1";2200
"Bio-ORACLE";"BO_B1_2200_sstrange";"BO_sstrange";"UKMO-HadCM3";"B1";2200
"WorldClim";"WC_bio1_cc26_2050";"WC_bio1";"CCSM4";"rcp26";2050
"WorldClim";"WC_bio1_cc26_2070";"WC_bio1";"CCSM4";"rcp26";2070
"WorldClim";"WC_bio1_cc45_2050";"WC_bio1";"CCSM4";"rcp45";2050
"WorldClim";"WC_bio1_cc45_2070";"WC_bio1";"CCSM4";"rcp45";2070
"WorldClim";"WC_bio1_cc60_2050";"WC_bio1";"CCSM4";"rcp60";2050
"WorldClim";"WC_bio1_cc60_2070";"WC_bio1";"CCSM4";"rcp60";2070
"WorldClim";"WC_bio1_cc85_2050";"WC_bio1";"CCSM4";"rcp85";2050
"WorldClim";"WC_bio1_cc85_2070";"WC_bio1";"CCSM4";"rcp85";2070
"WorldClim";"WC_bio1_he26_2050";"WC_bio1";"HadGEM2-ES";"rcp26";2050
"WorldClim";"WC_bio1_he26_2070";"WC_bio1";"HadGEM2-ES";"rcp26";2070
"WorldClim";"WC_bio1_he45_2050";"WC_bio1";"HadGEM2-ES";"rcp45";2050
"WorldClim";"WC_bio1_he45_2070";"WC_bio1";"HadGEM2-ES";"rcp45";2070
"WorldClim";"WC_bio1_he60_2050";"WC_bio1";"HadGEM2-ES";"rcp60";2050
"WorldClim";"WC_bio1_he60_2070";"WC_bio1";"HadGEM2-ES";"rcp60";2070
"WorldClim";"WC_bio1_he85_2050";"WC_bio1";"HadGEM2-ES";"rcp85";2050
"WorldClim";"WC_bio1_he85_2070";"WC_bio1";"HadGEM2-ES";"rcp85";2070
"WorldClim";"WC_bio1_mr26_2050";"WC_bio1";"MIROC-ESM";"rcp26";2050
"WorldClim";"WC_bio1_mr26_2070";"WC_bio1";"MIROC-ESM";"rcp26";2070
"WorldClim";"WC_bio1_mr45_2050";"WC_bio1";"MIROC-ESM";"rcp45";2050
"WorldClim";"WC_bio1_mr45_2070";"WC_bio1";"MIROC-ESM";"rcp45";2070
"WorldClim";"WC_bio1_mr60_2050";"WC_bio1";"MIROC-ESM";"rcp60";2050
"WorldClim";"WC_bio1_mr60_2070";"WC_bio1";"MIROC-ESM";"rcp60";2070
"WorldClim";"WC_bio1_mr85_2050";"WC_bio1";"MIROC-ESM";"rcp85";2050
"WorldClim";"WC_bio1_mr85_2070";"WC_bio1";"MIROC-ESM";"rcp85";2070
"WorldClim";"WC_bio10_cc26_2050";"WC_bio10";"CCSM4";"rcp26";2050
"WorldClim";"WC_bio10_cc26_2070";"WC_bio10";"CCSM4";"rcp26";2070
"WorldClim";"WC_bio10_cc45_2050";"WC_bio10";"CCSM4";"rcp45";2050
"WorldClim";"WC_bio10_cc45_2070";"WC_bio10";"CCSM4";"rcp45";2070
"WorldClim";"WC_bio10_cc60_2050";"WC_bio10";"CCSM4";"rcp60";2050
"WorldClim";"WC_bio10_cc60_2070";"WC_bio10";"CCSM4";"rcp60";2070
"WorldClim";"WC_bio10_cc85_2050";"WC_bio10";"CCSM4";"rcp85";2050
"WorldClim";"WC_bio10_cc85_2070";"WC_bio10";"CCSM4";"rcp85";2070
"WorldClim";"WC_bio10_he26_2050";"WC_bio10";"HadGEM2-ES";"rcp26";2050
"WorldClim";"WC_bio10_he26_2070";"WC_bio10";"HadGEM2-ES";"rcp26";2070
"WorldClim";"WC_bio10_he45_2050";"WC_bio10";"HadGEM2-ES";"rcp45";2050
"WorldClim";"WC_bio10_he45_2070";"WC_bio10";"HadGEM2-ES";"rcp45";2070
"WorldClim";"WC_bio10_he60_2050";"WC_bio10";"HadGEM2-ES";"rcp60";2050
"WorldClim";"WC_bio10_he60_2070";"WC_bio10";"HadGEM2-ES";"rcp60";2070
"WorldClim";"WC_bio10_he85_2050";"WC_bio10";"HadGEM2-ES";"rcp85";2050
"WorldClim";"WC_bio10_he85_2070";"WC_bio10";"HadGEM2-ES";"rcp85";2070
"WorldClim";"WC_bio10_mr26_2050";"WC_bio10";"MIROC-ESM";"rcp26";2050
"WorldClim";"WC_bio10_mr26_2070";"WC_bio10";"MIROC-ESM";"rcp26";2070
"WorldClim";"WC_bio10_mr45_2050";"WC_bio10";"MIROC-ESM";"rcp45";2050
"WorldClim";"WC_bio10_mr45_2070";"WC_bio10";"MIROC-ESM";"rcp45";2070
"WorldClim";"WC_bio10_mr60_2050";"WC_bio10";"MIROC-ESM";"rcp60";2050
"WorldClim";"WC_bio10_mr60_2070";"WC_bio10";"MIROC-ESM";"rcp60";2070
"WorldClim";"WC_bio10_mr85_2050";"WC_bio10";"MIROC-ESM";"rcp85";2050
"WorldClim";"WC_bio10_mr85_2070";"WC_bio10";"MIROC-ESM";"rcp85";2070
"WorldClim";"WC_bio11_cc26_2050";"WC_bio11";"CCSM4";"rcp26";2050
"WorldClim";"WC_bio11_cc26_2070";"WC_bio11";"CCSM4";"rcp26";2070
"WorldClim";"WC_bio11_cc45_2050";"WC_bio11";"CCSM4";"rcp45";2050
"WorldClim";"WC_bio11_cc45_2070";"WC_bio11";"CCSM4";"rcp45";2070
"WorldClim";"WC_bio11_cc60_2050";"WC_bio11";"CCSM4";"rcp60";2050
"WorldClim";"WC_bio11_cc60_2070";"WC_bio11";"CCSM4";"rcp60";2070
"WorldClim";"WC_bio11_cc85_2050";"WC_bio11";"CCSM4";"rcp85";2050
"WorldClim";"WC_bio11_cc85_2070";"WC_bio11";"CCSM4";"rcp85";2070
"WorldClim";"WC_bio11_he26_2050";"WC_bio11";"HadGEM2-ES";"rcp26";2050
"WorldClim";"WC_bio11_he26_2070";"WC_bio11";"HadGEM2-ES";"rcp26";2070
"WorldClim";"WC_bio11_he45_2050";"WC_bio11";"HadGEM2-ES";"rcp45";2050
"WorldClim";"WC_bio11_he45_2070";"WC_bio11";"HadGEM2-ES";"rcp45";2070
"WorldClim";"WC_bio11_he60_2050";"WC_bio11";"HadGEM2-ES";"rcp60";2050
"WorldClim";"WC_bio11_he60_2070";"WC_bio11";"HadGEM2-ES";"rcp60";2070
"WorldClim";"WC_bio11_he85_2050";"WC_bio11";"HadGEM2-ES";"rcp85";2050
"WorldClim";"WC_bio11_he85_2070";"WC_bio11";"HadGEM2-ES";"rcp85";2070
"WorldClim";"WC_bio11_mr26_2050";"WC_bio11";"MIROC-ESM";"rcp26";2050
"WorldClim";"WC_bio11_mr26_2070";"WC_bio11";"MIROC-ESM";"rcp26";2070
"WorldClim";"WC_bio11_mr45_2050";"WC_bio11";"MIROC-ESM";"rcp45";2050
"WorldClim";"WC_bio11_mr45_2070";"WC_bio11";"MIROC-ESM";"rcp45";2070
"WorldClim";"WC_bio11_mr60_2050";"WC_bio11";"MIROC-ESM";"rcp60";2050
"WorldClim";"WC_bio11_mr60_2070";"WC_bio11";"MIROC-ESM";"rcp60";2070
"WorldClim";"WC_bio11_mr85_2050";"WC_bio11";"MIROC-ESM";"rcp85";2050
"WorldClim";"WC_bio11_mr85_2070";"WC_bio11";"MIROC-ESM";"rcp85";2070
"WorldClim";"WC_bio12_cc26_2050";"WC_bio12";"CCSM4";"rcp26";2050
"WorldClim";"WC_bio12_cc26_2070";"WC_bio12";"CCSM4";"rcp26";2070
"WorldClim";"WC_bio12_cc45_2050";"WC_bio12";"CCSM4";"rcp45";2050
"WorldClim";"WC_bio12_cc45_2070";"WC_bio12";"CCSM4";"rcp45";2070
"WorldClim";"WC_bio12_cc60_2050";"WC_bio12";"CCSM4";"rcp60";2050
"WorldClim";"WC_bio12_cc60_2070";"WC_bio12";"CCSM4";"rcp60";2070
"WorldClim";"WC_bio12_cc85_2050";"WC_bio12";"CCSM4";"rcp85";2050
"WorldClim";"WC_bio12_cc85_2070";"WC_bio12";"CCSM4";"rcp85";2070
"WorldClim";"WC_bio12_he26_2050";"WC_bio12";"HadGEM2-ES";"rcp26";2050
"WorldClim";"WC_bio12_he26_2070";"WC_bio12";"HadGEM2-ES";"rcp26";2070
"WorldClim";"WC_bio12_he45_2050";"WC_bio12";"HadGEM2-ES";"rcp45";2050
"WorldClim";"WC_bio12_he45_2070";"WC_bio12";"HadGEM2-ES";"rcp45";2070
"WorldClim";"WC_bio12_he60_2050";"WC_bio12";"HadGEM2-ES";"rcp60";2050
"WorldClim";"WC_bio12_he60_2070";"WC_bio12";"HadGEM2-ES";"rcp60";2070
"WorldClim";"WC_bio12_he85_2050";"WC_bio12";"HadGEM2-ES";"rcp85";2050
"WorldClim";"WC_bio12_he85_2070";"WC_bio12";"HadGEM2-ES";"rcp85";2070
"WorldClim";"WC_bio12_mr26_2050";"WC_bio12";"MIROC-ESM";"rcp26";2050
"WorldClim";"WC_bio12_mr26_2070";"WC_bio12";"MIROC-ESM";"rcp26";2070
"WorldClim";"WC_bio12_mr45_2050";"WC_bio12";"MIROC-ESM";"rcp45";2050
"WorldClim";"WC_bio12_mr45_2070";"WC_bio12";"MIROC-ESM";"rcp45";2070
"WorldClim";"WC_bio12_mr60_2050";"WC_bio12";"MIROC-ESM";"rcp60";2050
"WorldClim";"WC_bio12_mr60_2070";"WC_bio12";"MIROC-ESM";"rcp60";2070
"WorldClim";"WC_bio12_mr85_2050";"WC_bio12";"MIROC-ESM";"rcp85";2050
"WorldClim";"WC_bio12_mr85_2070";"WC_bio12";"MIROC-ESM";"rcp85";2070
"WorldClim";"WC_bio13_cc26_2050";"WC_bio13";"CCSM4";"rcp26";2050
"WorldClim";"WC_bio13_cc26_2070";"WC_bio13";"CCSM4";"rcp26";2070
"WorldClim";"WC_bio13_cc45_2050";"WC_bio13";"CCSM4";"rcp45";2050
"WorldClim";"WC_bio13_cc45_2070";"WC_bio13";"CCSM4";"rcp45";2070
"WorldClim";"WC_bio13_cc60_2050";"WC_bio13";"CCSM4";"rcp60";2050
"WorldClim";"WC_bio13_cc60_2070";"WC_bio13";"CCSM4";"rcp60";2070
"WorldClim";"WC_bio13_cc85_2050";"WC_bio13";"CCSM4";"rcp85";2050
"WorldClim";"WC_bio13_cc85_2070";"WC_bio13";"CCSM4";"rcp85";2070
"WorldClim";"WC_bio13_he26_2050";"WC_bio13";"HadGEM2-ES";"rcp26";2050
"WorldClim";"WC_bio13_he26_2070";"WC_bio13";"HadGEM2-ES";"rcp26";2070
"WorldClim";"WC_bio13_he45_2050";"WC_bio13";"HadGEM2-ES";"rcp45";2050
"WorldClim";"WC_bio13_he45_2070";"WC_bio13";"HadGEM2-ES";"rcp45";2070
"WorldClim";"WC_bio13_he60_2050";"WC_bio13";"HadGEM2-ES";"rcp60";2050
"WorldClim";"WC_bio13_he60_2070";"WC_bio13";"HadGEM2-ES";"rcp60";2070
"WorldClim";"WC_bio13_he85_2050";"WC_bio13";"HadGEM2-ES";"rcp85";2050
"WorldClim";"WC_bio13_he85_2070";"WC_bio13";"HadGEM2-ES";"rcp85";2070
"WorldClim";"WC_bio13_mr26_2050";"WC_bio13";"MIROC-ESM";"rcp26";2050
"WorldClim";"WC_bio13_mr26_2070";"WC_bio13";"MIROC-ESM";"rcp26";2070
"WorldClim";"WC_bio13_mr45_2050";"WC_bio13";"MIROC-ESM";"rcp45";2050
"WorldClim";"WC_bio13_mr45_2070";"WC_bio13";"MIROC-ESM";"rcp45";2070
"WorldClim";"WC_bio13_mr60_2050";"WC_bio13";"MIROC-ESM";"rcp60";2050
"WorldClim";"WC_bio13_mr60_2070";"WC_bio13";"MIROC-ESM";"rcp60";2070
"WorldClim";"WC_bio13_mr85_2050";"WC_bio13";"MIROC-ESM";"rcp85";2050
"WorldClim";"WC_bio13_mr85_2070";"WC_bio13";"MIROC-ESM";"rcp85";2070
"WorldClim";"WC_bio14_cc26_2050";"WC_bio14";"CCSM4";"rcp26";2050
"WorldClim";"WC_bio14_cc26_2070";"WC_bio14";"CCSM4";"rcp26";2070
"WorldClim";"WC_bio14_cc45_2050";"WC_bio14";"CCSM4";"rcp45";2050
"WorldClim";"WC_bio14_cc45_2070";"WC_bio14";"CCSM4";"rcp45";2070
"WorldClim";"WC_bio14_cc60_2050";"WC_bio14";"CCSM4";"rcp60";2050
"WorldClim";"WC_bio14_cc60_2070";"WC_bio14";"CCSM4";"rcp60";2070
"WorldClim";"WC_bio14_cc85_2050";"WC_bio14";"CCSM4";"rcp85";2050
"WorldClim";"WC_bio14_cc85_2070";"WC_bio14";"CCSM4";"rcp85";2070
"WorldClim";"WC_bio14_he26_2050";"WC_bio14";"HadGEM2-ES";"rcp26";2050
"WorldClim";"WC_bio14_he26_2070";"WC_bio14";"HadGEM2-ES";"rcp26";2070
"WorldClim";"WC_bio14_he45_2050";"WC_bio14";"HadGEM2-ES";"rcp45";2050
"WorldClim";"WC_bio14_he45_2070";"WC_bio14";"HadGEM2-ES";"rcp45";2070
"WorldClim";"WC_bio14_he60_2050";"WC_bio14";"HadGEM2-ES";"rcp60";2050
"WorldClim";"WC_bio14_he60_2070";"WC_bio14";"HadGEM2-ES";"rcp60";2070
"WorldClim";"WC_bio14_he85_2050";"WC_bio14";"HadGEM2-ES";"rcp85";2050
"WorldClim";"WC_bio14_he85_2070";"WC_bio14";"HadGEM2-ES";"rcp85";2070
"WorldClim";"WC_bio14_mr26_2050";"WC_bio14";"MIROC-ESM";"rcp26";2050
"WorldClim";"WC_bio14_mr26_2070";"WC_bio14";"MIROC-ESM";"rcp26";2070
"WorldClim";"WC_bio14_mr45_2050";"WC_bio14";"MIROC-ESM";"rcp45";2050
"WorldClim";"WC_bio14_mr45_2070";"WC_bio14";"MIROC-ESM";"rcp45";2070
"WorldClim";"WC_bio14_mr60_2050";"WC_bio14";"MIROC-ESM";"rcp60";2050
"WorldClim";"WC_bio14_mr60_2070";"WC_bio14";"MIROC-ESM";"rcp60";2070
"WorldClim";"WC_bio14_mr85_2050";"WC_bio14";"MIROC-ESM";"rcp85";2050
"WorldClim";"WC_bio14_mr85_2070";"WC_bio14";"MIROC-ESM";"rcp85";2070
"WorldClim";"WC_bio15_cc26_2050";"WC_bio15";"CCSM4";"rcp26";2050
"WorldClim";"WC_bio15_cc26_2070";"WC_bio15";"CCSM4";"rcp26";2070
"WorldClim";"WC_bio15_cc45_2050";"WC_bio15";"CCSM4";"rcp45";2050
"WorldClim";"WC_bio15_cc45_2070";"WC_bio15";"CCSM4";"rcp45";2070
"WorldClim";"WC_bio15_cc60_2050";"WC_bio15";"CCSM4";"rcp60";2050
"WorldClim";"WC_bio15_cc60_2070";"WC_bio15";"CCSM4";"rcp60";2070
"WorldClim";"WC_bio15_cc85_2050";"WC_bio15";"CCSM4";"rcp85";2050
"WorldClim";"WC_bio15_cc85_2070";"WC_bio15";"CCSM4";"rcp85";2070
"WorldClim";"WC_bio15_he26_2050";"WC_bio15";"HadGEM2-ES";"rcp26";2050
"WorldClim";"WC_bio15_he26_2070";"WC_bio15";"HadGEM2-ES";"rcp26";2070
"WorldClim";"WC_bio15_he45_2050";"WC_bio15";"HadGEM2-ES";"rcp45";2050
"WorldClim";"WC_bio15_he45_2070";"WC_bio15";"HadGEM2-ES";"rcp45";2070
"WorldClim";"WC_bio15_he60_2050";"WC_bio15";"HadGEM2-ES";"rcp60";2050
"WorldClim";"WC_bio15_he60_2070";"WC_bio15";"HadGEM2-ES";"rcp60";2070
"WorldClim";"WC_bio15_he85_2050";"WC_bio15";"HadGEM2-ES";"rcp85";2050
"WorldClim";"WC_bio15_he85_2070";"WC_bio15";"HadGEM2-ES";"rcp85";2070
"WorldClim";"WC_bio15_mr26_2050";"WC_bio15";"MIROC-ESM";"rcp26";2050
"WorldClim";"WC_bio15_mr26_2070";"WC_bio15";"MIROC-ESM";"rcp26";2070
"WorldClim";"WC_bio15_mr45_2050";"WC_bio15";"MIROC-ESM";"rcp45";2050
"WorldClim";"WC_bio15_mr45_2070";"WC_bio15";"MIROC-ESM";"rcp45";2070
"WorldClim";"WC_bio15_mr60_2050";"WC_bio15";"MIROC-ESM";"rcp60";2050
"WorldClim";"WC_bio15_mr60_2070";"WC_bio15";"MIROC-ESM";"rcp60";2070
"WorldClim";"WC_bio15_mr85_2050";"WC_bio15";"MIROC-ESM";"rcp85";2050
"WorldClim";"WC_bio15_mr85_2070";"WC_bio15";"MIROC-ESM";"rcp85";2070
"WorldClim";"WC_bio16_cc26_2050";"WC_bio16";"CCSM4";"rcp26";2050
"WorldClim";"WC_bio16_cc26_2070";"WC_bio16";"CCSM4";"rcp26";2070
"WorldClim";"WC_bio16_cc45_2050";"WC_bio16";"CCSM4";"rcp45";2050
"WorldClim";"WC_bio16_cc45_2070";"WC_bio16";"CCSM4";"rcp45";2070
"WorldClim";"WC_bio16_cc60_2050";"WC_bio16";"CCSM4";"rcp60";2050
"WorldClim";"WC_bio16_cc60_2070";"WC_bio16";"CCSM4";"rcp60";2070
"WorldClim";"WC_bio16_cc85_2050";"WC_bio16";"CCSM4";"rcp85";2050
"WorldClim";"WC_bio16_cc85_2070";"WC_bio16";"CCSM4";"rcp85";2070
"WorldClim";"WC_bio16_he26_2050";"WC_bio16";"HadGEM2-ES";"rcp26";2050
"WorldClim";"WC_bio16_he26_2070";"WC_bio16";"HadGEM2-ES";"rcp26";2070
"WorldClim";"WC_bio16_he45_2050";"WC_bio16";"HadGEM2-ES";"rcp45";2050
"WorldClim";"WC_bio16_he45_2070";"WC_bio16";"HadGEM2-ES";"rcp45";2070
"WorldClim";"WC_bio16_he60_2050";"WC_bio16";"HadGEM2-ES";"rcp60";2050
"WorldClim";"WC_bio16_he60_2070";"WC_bio16";"HadGEM2-ES";"rcp60";2070
"WorldClim";"WC_bio16_he85_2050";"WC_bio16";"HadGEM2-ES";"rcp85";2050
"WorldClim";"WC_bio16_he85_2070";"WC_bio16";"HadGEM2-ES";"rcp85";2070
"WorldClim";"WC_bio16_mr26_2050";"WC_bio16";"MIROC-ESM";"rcp26";2050
"WorldClim";"WC_bio16_mr26_2070";"WC_bio16";"MIROC-ESM";"rcp26";2070
"WorldClim";"WC_bio16_mr45_2050";"WC_bio16";"MIROC-ESM";"rcp45";2050
"WorldClim";"WC_bio16_mr45_2070";"WC_bio16";"MIROC-ESM";"rcp45";2070
"WorldClim";"WC_bio16_mr60_2050";"WC_bio16";"MIROC-ESM";"rcp60";2050
"WorldClim";"WC_bio16_mr60_2070";"WC_bio16";"MIROC-ESM";"rcp60";2070
"WorldClim";"WC_bio16_mr85_2050";"WC_bio16";"MIROC-ESM";"rcp85";2050
"WorldClim";"WC_bio16_mr85_2070";"WC_bio16";"MIROC-ESM";"rcp85";2070
"WorldClim";"WC_bio17_cc26_2050";"WC_bio17";"CCSM4";"rcp26";2050
"WorldClim";"WC_bio17_cc26_2070";"WC_bio17";"CCSM4";"rcp26";2070
"WorldClim";"WC_bio17_cc45_2050";"WC_bio17";"CCSM4";"rcp45";2050
"WorldClim";"WC_bio17_cc45_2070";"WC_bio17";"CCSM4";"rcp45";2070
"WorldClim";"WC_bio17_cc60_2050";"WC_bio17";"CCSM4";"rcp60";2050
"WorldClim";"WC_bio17_cc60_2070";"WC_bio17";"CCSM4";"rcp60";2070
"WorldClim";"WC_bio17_cc85_2050";"WC_bio17";"CCSM4";"rcp85";2050
"WorldClim";"WC_bio17_cc85_2070";"WC_bio17";"CCSM4";"rcp85";2070
"WorldClim";"WC_bio17_he26_2050";"WC_bio17";"HadGEM2-ES";"rcp26";2050
"WorldClim";"WC_bio17_he26_2070";"WC_bio17";"HadGEM2-ES";"rcp26";2070
"WorldClim";"WC_bio17_he45_2050";"WC_bio17";"HadGEM2-ES";"rcp45";2050
"WorldClim";"WC_bio17_he45_2070";"WC_bio17";"HadGEM2-ES";"rcp45";2070
"WorldClim";"WC_bio17_he60_2050";"WC_bio17";"HadGEM2-ES";"rcp60";2050
"WorldClim";"WC_bio17_he60_2070";"WC_bio17";"HadGEM2-ES";"rcp60";2070
"WorldClim";"WC_bio17_he85_2050";"WC_bio17";"HadGEM2-ES";"rcp85";2050
"WorldClim";"WC_bio17_he85_2070";"WC_bio17";"HadGEM2-ES";"rcp85";2070
"WorldClim";"WC_bio17_mr26_2050";"WC_bio17";"MIROC-ESM";"rcp26";2050
"WorldClim";"WC_bio17_mr26_2070";"WC_bio17";"MIROC-ESM";"rcp26";2070
"WorldClim";"WC_bio17_mr45_2050";"WC_bio17";"MIROC-ESM";"rcp45";2050
"WorldClim";"WC_bio17_mr45_2070";"WC_bio17";"MIROC-ESM";"rcp45";2070
"WorldClim";"WC_bio17_mr60_2050";"WC_bio17";"MIROC-ESM";"rcp60";2050
"WorldClim";"WC_bio17_mr60_2070";"WC_bio17";"MIROC-ESM";"rcp60";2070
"WorldClim";"WC_bio17_mr85_2050";"WC_bio17";"MIROC-ESM";"rcp85";2050
"WorldClim";"WC_bio17_mr85_2070";"WC_bio17";"MIROC-ESM";"rcp85";2070
"WorldClim";"WC_bio18_cc26_2050";"WC_bio18";"CCSM4";"rcp26";2050
"WorldClim";"WC_bio18_cc26_2070";"WC_bio18";"CCSM4";"rcp26";2070
"WorldClim";"WC_bio18_cc45_2050";"WC_bio18";"CCSM4";"rcp45";2050
"WorldClim";"WC_bio18_cc45_2070";"WC_bio18";"CCSM4";"rcp45";2070
"WorldClim";"WC_bio18_cc60_2050";"WC_bio18";"CCSM4";"rcp60";2050
"WorldClim";"WC_bio18_cc60_2070";"WC_bio18";"CCSM4";"rcp60";2070
"WorldClim";"WC_bio18_cc85_2050";"WC_bio18";"CCSM4";"rcp85";2050
"WorldClim";"WC_bio18_cc85_2070";"WC_bio18";"CCSM4";"rcp85";2070
"WorldClim";"WC_bio18_he26_2050";"WC_bio18";"HadGEM2-ES";"rcp26";2050
"WorldClim";"WC_bio18_he26_2070";"WC_bio18";"HadGEM2-ES";"rcp26";2070
"WorldClim";"WC_bio18_he45_2050";"WC_bio18";"HadGEM2-ES";"rcp45";2050
"WorldClim";"WC_bio18_he45_2070";"WC_bio18";"HadGEM2-ES";"rcp45";2070
"WorldClim";"WC_bio18_he60_2050";"WC_bio18";"HadGEM2-ES";"rcp60";2050
"WorldClim";"WC_bio18_he60_2070";"WC_bio18";"HadGEM2-ES";"rcp60";2070
"WorldClim";"WC_bio18_he85_2050";"WC_bio18";"HadGEM2-ES";"rcp85";2050
"WorldClim";"WC_bio18_he85_2070";"WC_bio18";"HadGEM2-ES";"rcp85";2070
"WorldClim";"WC_bio18_mr26_2050";"WC_bio18";"MIROC-ESM";"rcp26";2050
"WorldClim";"WC_bio18_mr26_2070";"WC_bio18";"MIROC-ESM";"rcp26";2070
"WorldClim";"WC_bio18_mr45_2050";"WC_bio18";"MIROC-ESM";"rcp45";2050
"WorldClim";"WC_bio18_mr45_2070";"WC_bio18";"MIROC-ESM";"rcp45";2070
"WorldClim";"WC_bio18_mr60_2050";"WC_bio18";"MIROC-ESM";"rcp60";2050
"WorldClim";"WC_bio18_mr60_2070";"WC_bio18";"MIROC-ESM";"rcp60";2070
"WorldClim";"WC_bio18_mr85_2050";"WC_bio18";"MIROC-ESM";"rcp85";2050
"WorldClim";"WC_bio18_mr85_2070";"WC_bio18";"MIROC-ESM";"rcp85";2070
"WorldClim";"WC_bio19_cc26_2050";"WC_bio19";"CCSM4";"rcp26";2050
"WorldClim";"WC_bio19_cc26_2070";"WC_bio19";"CCSM4";"rcp26";2070
"WorldClim";"WC_bio19_cc45_2050";"WC_bio19";"CCSM4";"rcp45";2050
"WorldClim";"WC_bio19_cc45_2070";"WC_bio19";"CCSM4";"rcp45";2070
"WorldClim";"WC_bio19_cc60_2050";"WC_bio19";"CCSM4";"rcp60";2050
"WorldClim";"WC_bio19_cc60_2070";"WC_bio19";"CCSM4";"rcp60";2070
"WorldClim";"WC_bio19_cc85_2050";"WC_bio19";"CCSM4";"rcp85";2050
"WorldClim";"WC_bio19_cc85_2070";"WC_bio19";"CCSM4";"rcp85";2070
"WorldClim";"WC_bio19_he26_2050";"WC_bio19";"HadGEM2-ES";"rcp26";2050
"WorldClim";"WC_bio19_he26_2070";"WC_bio19";"HadGEM2-ES";"rcp26";2070
"WorldClim";"WC_bio19_he45_2050";"WC_bio19";"HadGEM2-ES";"rcp45";2050
"WorldClim";"WC_bio19_he45_2070";"WC_bio19";"HadGEM2-ES";"rcp45";2070
"WorldClim";"WC_bio19_he60_2050";"WC_bio19";"HadGEM2-ES";"rcp60";2050
"WorldClim";"WC_bio19_he60_2070";"WC_bio19";"HadGEM2-ES";"rcp60";2070
"WorldClim";"WC_bio19_he85_2050";"WC_bio19";"HadGEM2-ES";"rcp85";2050
"WorldClim";"WC_bio19_he85_2070";"WC_bio19";"HadGEM2-ES";"rcp85";2070
"WorldClim";"WC_bio19_mr26_2050";"WC_bio19";"MIROC-ESM";"rcp26";2050
"WorldClim";"WC_bio19_mr26_2070";"WC_bio19";"MIROC-ESM";"rcp26";2070
"WorldClim";"WC_bio19_mr45_2050";"WC_bio19";"MIROC-ESM";"rcp45";2050
"WorldClim";"WC_bio19_mr45_2070";"WC_bio19";"MIROC-ESM";"rcp45";2070
"WorldClim";"WC_bio19_mr60_2050";"WC_bio19";"MIROC-ESM";"rcp60";2050
"WorldClim";"WC_bio19_mr60_2070";"WC_bio19";"MIROC-ESM";"rcp60";2070
"WorldClim";"WC_bio19_mr85_2050";"WC_bio19";"MIROC-ESM";"rcp85";2050
"WorldClim";"WC_bio19_mr85_2070";"WC_bio19";"MIROC-ESM";"rcp85";2070
"WorldClim";"WC_bio2_cc26_2050";"WC_bio2";"CCSM4";"rcp26";2050
"WorldClim";"WC_bio2_cc26_2070";"WC_bio2";"CCSM4";"rcp26";2070
"WorldClim";"WC_bio2_cc45_2050";"WC_bio2";"CCSM4";"rcp45";2050
"WorldClim";"WC_bio2_cc45_2070";"WC_bio2";"CCSM4";"rcp45";2070
"WorldClim";"WC_bio2_cc60_2050";"WC_bio2";"CCSM4";"rcp60";2050
"WorldClim";"WC_bio2_cc60_2070";"WC_bio2";"CCSM4";"rcp60";2070
"WorldClim";"WC_bio2_cc85_2050";"WC_bio2";"CCSM4";"rcp85";2050
"WorldClim";"WC_bio2_cc85_2070";"WC_bio2";"CCSM4";"rcp85";2070
"WorldClim";"WC_bio2_he26_2050";"WC_bio2";"HadGEM2-ES";"rcp26";2050
"WorldClim";"WC_bio2_he26_2070";"WC_bio2";"HadGEM2-ES";"rcp26";2070
"WorldClim";"WC_bio2_he45_2050";"WC_bio2";"HadGEM2-ES";"rcp45";2050
"WorldClim";"WC_bio2_he45_2070";"WC_bio2";"HadGEM2-ES";"rcp45";2070
"WorldClim";"WC_bio2_he60_2050";"WC_bio2";"HadGEM2-ES";"rcp60";2050
"WorldClim";"WC_bio2_he60_2070";"WC_bio2";"HadGEM2-ES";"rcp60";2070
"WorldClim";"WC_bio2_he85_2050";"WC_bio2";"HadGEM2-ES";"rcp85";2050
"WorldClim";"WC_bio2_he85_2070";"WC_bio2";"HadGEM2-ES";"rcp85";2070
"WorldClim";"WC_bio2_mr26_2050";"WC_bio2";"MIROC-ESM";"rcp26";2050
"WorldClim";"WC_bio2_mr26_2070";"WC_bio2";"MIROC-ESM";"rcp26";2070
"WorldClim";"WC_bio2_mr45_2050";"WC_bio2";"MIROC-ESM";"rcp45";2050
"WorldClim";"WC_bio2_mr45_2070";"WC_bio2";"MIROC-ESM";"rcp45";2070
"WorldClim";"WC_bio2_mr60_2050";"WC_bio2";"MIROC-ESM";"rcp60";2050
"WorldClim";"WC_bio2_mr60_2070";"WC_bio2";"MIROC-ESM";"rcp60";2070
"WorldClim";"WC_bio2_mr85_2050";"WC_bio2";"MIROC-ESM";"rcp85";2050
"WorldClim";"WC_bio2_mr85_2070";"WC_bio2";"MIROC-ESM";"rcp85";2070
"WorldClim";"WC_bio3_cc26_2050";"WC_bio3";"CCSM4";"rcp26";2050
"WorldClim";"WC_bio3_cc26_2070";"WC_bio3";"CCSM4";"rcp26";2070
"WorldClim";"WC_bio3_cc45_2050";"WC_bio3";"CCSM4";"rcp45";2050
"WorldClim";"WC_bio3_cc45_2070";"WC_bio3";"CCSM4";"rcp45";2070
"WorldClim";"WC_bio3_cc60_2050";"WC_bio3";"CCSM4";"rcp60";2050
"WorldClim";"WC_bio3_cc60_2070";"WC_bio3";"CCSM4";"rcp60";2070
"WorldClim";"WC_bio3_cc85_2050";"WC_bio3";"CCSM4";"rcp85";2050
"WorldClim";"WC_bio3_cc85_2070";"WC_bio3";"CCSM4";"rcp85";2070
"WorldClim";"WC_bio3_he26_2050";"WC_bio3";"HadGEM2-ES";"rcp26";2050
"WorldClim";"WC_bio3_he26_2070";"WC_bio3";"HadGEM2-ES";"rcp26";2070
"WorldClim";"WC_bio3_he45_2050";"WC_bio3";"HadGEM2-ES";"rcp45";2050
"WorldClim";"WC_bio3_he45_2070";"WC_bio3";"HadGEM2-ES";"rcp45";2070
"WorldClim";"WC_bio3_he60_2050";"WC_bio3";"HadGEM2-ES";"rcp60";2050
"WorldClim";"WC_bio3_he60_2070";"WC_bio3";"HadGEM2-ES";"rcp60";2070
"WorldClim";"WC_bio3_he85_2050";"WC_bio3";"HadGEM2-ES";"rcp85";2050
"WorldClim";"WC_bio3_he85_2070";"WC_bio3";"HadGEM2-ES";"rcp85";2070
"WorldClim";"WC_bio3_mr26_2050";"WC_bio3";"MIROC-ESM";"rcp26";2050
"WorldClim";"WC_bio3_mr26_2070";"WC_bio3";"MIROC-ESM";"rcp26";2070
"WorldClim";"WC_bio3_mr45_2050";"WC_bio3";"MIROC-ESM";"rcp45";2050
"WorldClim";"WC_bio3_mr45_2070";"WC_bio3";"MIROC-ESM";"rcp45";2070
"WorldClim";"WC_bio3_mr60_2050";"WC_bio3";"MIROC-ESM";"rcp60";2050
"WorldClim";"WC_bio3_mr60_2070";"WC_bio3";"MIROC-ESM";"rcp60";2070
"WorldClim";"WC_bio3_mr85_2050";"WC_bio3";"MIROC-ESM";"rcp85";2050
"WorldClim";"WC_bio3_mr85_2070";"WC_bio3";"MIROC-ESM";"rcp85";2070
"WorldClim";"WC_bio4_cc26_2050";"WC_bio4";"CCSM4";"rcp26";2050
"WorldClim";"WC_bio4_cc26_2070";"WC_bio4";"CCSM4";"rcp26";2070
"WorldClim";"WC_bio4_cc45_2050";"WC_bio4";"CCSM4";"rcp45";2050
"WorldClim";"WC_bio4_cc45_2070";"WC_bio4";"CCSM4";"rcp45";2070
"WorldClim";"WC_bio4_cc60_2050";"WC_bio4";"CCSM4";"rcp60";2050
"WorldClim";"WC_bio4_cc60_2070";"WC_bio4";"CCSM4";"rcp60";2070
"WorldClim";"WC_bio4_cc85_2050";"WC_bio4";"CCSM4";"rcp85";2050
"WorldClim";"WC_bio4_cc85_2070";"WC_bio4";"CCSM4";"rcp85";2070
"WorldClim";"WC_bio4_he26_2050";"WC_bio4";"HadGEM2-ES";"rcp26";2050
"WorldClim";"WC_bio4_he26_2070";"WC_bio4";"HadGEM2-ES";"rcp26";2070
"WorldClim";"WC_bio4_he45_2050";"WC_bio4";"HadGEM2-ES";"rcp45";2050
"WorldClim";"WC_bio4_he45_2070";"WC_bio4";"HadGEM2-ES";"rcp45";2070
"WorldClim";"WC_bio4_he60_2050";"WC_bio4";"HadGEM2-ES";"rcp60";2050
"WorldClim";"WC_bio4_he60_2070";"WC_bio4";"HadGEM2-ES";"rcp60";2070
"WorldClim";"WC_bio4_he85_2050";"WC_bio4";"HadGEM2-ES";"rcp85";2050
"WorldClim";"WC_bio4_he85_2070";"WC_bio4";"HadGEM2-ES";"rcp85";2070
"WorldClim";"WC_bio4_mr26_2050";"WC_bio4";"MIROC-ESM";"rcp26";2050
"WorldClim";"WC_bio4_mr26_2070";"WC_bio4";"MIROC-ESM";"rcp26";2070
"WorldClim";"WC_bio4_mr45_2050";"WC_bio4";"MIROC-ESM";"rcp45";2050
"WorldClim";"WC_bio4_mr45_2070";"WC_bio4";"MIROC-ESM";"rcp45";2070
"WorldClim";"WC_bio4_mr60_2050";"WC_bio4";"MIROC-ESM";"rcp60";2050
"WorldClim";"WC_bio4_mr60_2070";"WC_bio4";"MIROC-ESM";"rcp60";2070
"WorldClim";"WC_bio4_mr85_2050";"WC_bio4";"MIROC-ESM";"rcp85";2050
"WorldClim";"WC_bio4_mr85_2070";"WC_bio4";"MIROC-ESM";"rcp85";2070
"WorldClim";"WC_bio5_cc26_2050";"WC_bio5";"CCSM4";"rcp26";2050
"WorldClim";"WC_bio5_cc26_2070";"WC_bio5";"CCSM4";"rcp26";2070
"WorldClim";"WC_bio5_cc45_2050";"WC_bio5";"CCSM4";"rcp45";2050
"WorldClim";"WC_bio5_cc45_2070";"WC_bio5";"CCSM4";"rcp45";2070
"WorldClim";"WC_bio5_cc60_2050";"WC_bio5";"CCSM4";"rcp60";2050
"WorldClim";"WC_bio5_cc60_2070";"WC_bio5";"CCSM4";"rcp60";2070
"WorldClim";"WC_bio5_cc85_2050";"WC_bio5";"CCSM4";"rcp85";2050
"WorldClim";"WC_bio5_cc85_2070";"WC_bio5";"CCSM4";"rcp85";2070
"WorldClim";"WC_bio5_he26_2050";"WC_bio5";"HadGEM2-ES";"rcp26";2050
"WorldClim";"WC_bio5_he26_2070";"WC_bio5";"HadGEM2-ES";"rcp26";2070
"WorldClim";"WC_bio5_he45_2050";"WC_bio5";"HadGEM2-ES";"rcp45";2050
"WorldClim";"WC_bio5_he45_2070";"WC_bio5";"HadGEM2-ES";"rcp45";2070
"WorldClim";"WC_bio5_he60_2050";"WC_bio5";"HadGEM2-ES";"rcp60";2050
"WorldClim";"WC_bio5_he60_2070";"WC_bio5";"HadGEM2-ES";"rcp60";2070
"WorldClim";"WC_bio5_he85_2050";"WC_bio5";"HadGEM2-ES";"rcp85";2050
"WorldClim";"WC_bio5_he85_2070";"WC_bio5";"HadGEM2-ES";"rcp85";2070
"WorldClim";"WC_bio5_mr26_2050";"WC_bio5";"MIROC-ESM";"rcp26";2050
"WorldClim";"WC_bio5_mr26_2070";"WC_bio5";"MIROC-ESM";"rcp26";2070
"WorldClim";"WC_bio5_mr45_2050";"WC_bio5";"MIROC-ESM";"rcp45";2050
"WorldClim";"WC_bio5_mr45_2070";"WC_bio5";"MIROC-ESM";"rcp45";2070
"WorldClim";"WC_bio5_mr60_2050";"WC_bio5";"MIROC-ESM";"rcp60";2050
"WorldClim";"WC_bio5_mr60_2070";"WC_bio5";"MIROC-ESM";"rcp60";2070
"WorldClim";"WC_bio5_mr85_2050";"WC_bio5";"MIROC-ESM";"rcp85";2050
"WorldClim";"WC_bio5_mr85_2070";"WC_bio5";"MIROC-ESM";"rcp85";2070
"WorldClim";"WC_bio6_cc26_2050";"WC_bio6";"CCSM4";"rcp26";2050
"WorldClim";"WC_bio6_cc26_2070";"WC_bio6";"CCSM4";"rcp26";2070
"WorldClim";"WC_bio6_cc45_2050";"WC_bio6";"CCSM4";"rcp45";2050
"WorldClim";"WC_bio6_cc45_2070";"WC_bio6";"CCSM4";"rcp45";2070
"WorldClim";"WC_bio6_cc60_2050";"WC_bio6";"CCSM4";"rcp60";2050
"WorldClim";"WC_bio6_cc60_2070";"WC_bio6";"CCSM4";"rcp60";2070
"WorldClim";"WC_bio6_cc85_2050";"WC_bio6";"CCSM4";"rcp85";2050
"WorldClim";"WC_bio6_cc85_2070";"WC_bio6";"CCSM4";"rcp85";2070
"WorldClim";"WC_bio6_he26_2050";"WC_bio6";"HadGEM2-ES";"rcp26";2050
"WorldClim";"WC_bio6_he26_2070";"WC_bio6";"HadGEM2-ES";"rcp26";2070
"WorldClim";"WC_bio6_he45_2050";"WC_bio6";"HadGEM2-ES";"rcp45";2050
"WorldClim";"WC_bio6_he45_2070";"WC_bio6";"HadGEM2-ES";"rcp45";2070
"WorldClim";"WC_bio6_he60_2050";"WC_bio6";"HadGEM2-ES";"rcp60";2050
"WorldClim";"WC_bio6_he60_2070";"WC_bio6";"HadGEM2-ES";"rcp60";2070
"WorldClim";"WC_bio6_he85_2050";"WC_bio6";"HadGEM2-ES";"rcp85";2050
"WorldClim";"WC_bio6_he85_2070";"WC_bio6";"HadGEM2-ES";"rcp85";2070
"WorldClim";"WC_bio6_mr26_2050";"WC_bio6";"MIROC-ESM";"rcp26";2050
"WorldClim";"WC_bio6_mr26_2070";"WC_bio6";"MIROC-ESM";"rcp26";2070
"WorldClim";"WC_bio6_mr45_2050";"WC_bio6";"MIROC-ESM";"rcp45";2050
"WorldClim";"WC_bio6_mr45_2070";"WC_bio6";"MIROC-ESM";"rcp45";2070
"WorldClim";"WC_bio6_mr60_2050";"WC_bio6";"MIROC-ESM";"rcp60";2050
"WorldClim";"WC_bio6_mr60_2070";"WC_bio6";"MIROC-ESM";"rcp60";2070
"WorldClim";"WC_bio6_mr85_2050";"WC_bio6";"MIROC-ESM";"rcp85";2050
"WorldClim";"WC_bio6_mr85_2070";"WC_bio6";"MIROC-ESM";"rcp85";2070
"WorldClim";"WC_bio7_cc26_2050";"WC_bio7";"CCSM4";"rcp26";2050
"WorldClim";"WC_bio7_cc26_2070";"WC_bio7";"CCSM4";"rcp26";2070
"WorldClim";"WC_bio7_cc45_2050";"WC_bio7";"CCSM4";"rcp45";2050
"WorldClim";"WC_bio7_cc45_2070";"WC_bio7";"CCSM4";"rcp45";2070
"WorldClim";"WC_bio7_cc60_2050";"WC_bio7";"CCSM4";"rcp60";2050
"WorldClim";"WC_bio7_cc60_2070";"WC_bio7";"CCSM4";"rcp60";2070
"WorldClim";"WC_bio7_cc85_2050";"WC_bio7";"CCSM4";"rcp85";2050
"WorldClim";"WC_bio7_cc85_2070";"WC_bio7";"CCSM4";"rcp85";2070
"WorldClim";"WC_bio7_he26_2050";"WC_bio7";"HadGEM2-ES";"rcp26";2050
"WorldClim";"WC_bio7_he26_2070";"WC_bio7";"HadGEM2-ES";"rcp26";2070
"WorldClim";"WC_bio7_he45_2050";"WC_bio7";"HadGEM2-ES";"rcp45";2050
"WorldClim";"WC_bio7_he45_2070";"WC_bio7";"HadGEM2-ES";"rcp45";2070
"WorldClim";"WC_bio7_he60_2050";"WC_bio7";"HadGEM2-ES";"rcp60";2050
"WorldClim";"WC_bio7_he60_2070";"WC_bio7";"HadGEM2-ES";"rcp60";2070
"WorldClim";"WC_bio7_he85_2050";"WC_bio7";"HadGEM2-ES";"rcp85";2050
"WorldClim";"WC_bio7_he85_2070";"WC_bio7";"HadGEM2-ES";"rcp85";2070
"WorldClim";"WC_bio7_mr26_2050";"WC_bio7";"MIROC-ESM";"rcp26";2050
"WorldClim";"WC_bio7_mr26_2070";"WC_bio7";"MIROC-ESM";"rcp26";2070
"WorldClim";"WC_bio7_mr45_2050";"WC_bio7";"MIROC-ESM";"rcp45";2050
"WorldClim";"WC_bio7_mr45_2070";"WC_bio7";"MIROC-ESM";"rcp45";2070
"WorldClim";"WC_bio7_mr60_2050";"WC_bio7";"MIROC-ESM";"rcp60";2050
"WorldClim";"WC_bio7_mr60_2070";"WC_bio7";"MIROC-ESM";"rcp60";2070
"WorldClim";"WC_bio7_mr85_2050";"WC_bio7";"MIROC-ESM";"rcp85";2050
"WorldClim";"WC_bio7_mr85_2070";"WC_bio7";"MIROC-ESM";"rcp85";2070
"WorldClim";"WC_bio8_cc26_2050";"WC_bio8";"CCSM4";"rcp26";2050
"WorldClim";"WC_bio8_cc26_2070";"WC_bio8";"CCSM4";"rcp26";2070
"WorldClim";"WC_bio8_cc45_2050";"WC_bio8";"CCSM4";"rcp45";2050
"WorldClim";"WC_bio8_cc45_2070";"WC_bio8";"CCSM4";"rcp45";2070
"WorldClim";"WC_bio8_cc60_2050";"WC_bio8";"CCSM4";"rcp60";2050
"WorldClim";"WC_bio8_cc60_2070";"WC_bio8";"CCSM4";"rcp60";2070
"WorldClim";"WC_bio8_cc85_2050";"WC_bio8";"CCSM4";"rcp85";2050
"WorldClim";"WC_bio8_cc85_2070";"WC_bio8";"CCSM4";"rcp85";2070
"WorldClim";"WC_bio8_he26_2050";"WC_bio8";"HadGEM2-ES";"rcp26";2050
"WorldClim";"WC_bio8_he26_2070";"WC_bio8";"HadGEM2-ES";"rcp26";2070
"WorldClim";"WC_bio8_he45_2050";"WC_bio8";"HadGEM2-ES";"rcp45";2050
"WorldClim";"WC_bio8_he45_2070";"WC_bio8";"HadGEM2-ES";"rcp45";2070
"WorldClim";"WC_bio8_he60_2050";"WC_bio8";"HadGEM2-ES";"rcp60";2050
"WorldClim";"WC_bio8_he60_2070";"WC_bio8";"HadGEM2-ES";"rcp60";2070
"WorldClim";"WC_bio8_he85_2050";"WC_bio8";"HadGEM2-ES";"rcp85";2050
"WorldClim";"WC_bio8_he85_2070";"WC_bio8";"HadGEM2-ES";"rcp85";2070
"WorldClim";"WC_bio8_mr26_2050";"WC_bio8";"MIROC-ESM";"rcp26";2050
"WorldClim";"WC_bio8_mr26_2070";"WC_bio8";"MIROC-ESM";"rcp26";2070
"WorldClim";"WC_bio8_mr45_2050";"WC_bio8";"MIROC-ESM";"rcp45";2050
"WorldClim";"WC_bio8_mr45_2070";"WC_bio8";"MIROC-ESM";"rcp45";2070
"WorldClim";"WC_bio8_mr60_2050";"WC_bio8";"MIROC-ESM";"rcp60";2050
"WorldClim";"WC_bio8_mr60_2070";"WC_bio8";"MIROC-ESM";"rcp60";2070
"WorldClim";"WC_bio8_mr85_2050";"WC_bio8";"MIROC-ESM";"rcp85";2050
"WorldClim";"WC_bio8_mr85_2070";"WC_bio8";"MIROC-ESM";"rcp85";2070
"WorldClim";"WC_bio9_cc26_2050";"WC_bio9";"CCSM4";"rcp26";2050
"WorldClim";"WC_bio9_cc26_2070";"WC_bio9";"CCSM4";"rcp26";2070
"WorldClim";"WC_bio9_cc45_2050";"WC_bio9";"CCSM4";"rcp45";2050
"WorldClim";"WC_bio9_cc45_2070";"WC_bio9";"CCSM4";"rcp45";2070
"WorldClim";"WC_bio9_cc60_2050";"WC_bio9";"CCSM4";"rcp60";2050
"WorldClim";"WC_bio9_cc60_2070";"WC_bio9";"CCSM4";"rcp60";2070
"WorldClim";"WC_bio9_cc85_2050";"WC_bio9";"CCSM4";"rcp85";2050
"WorldClim";"WC_bio9_cc85_2070";"WC_bio9";"CCSM4";"rcp85";2070
"WorldClim";"WC_bio9_he26_2050";"WC_bio9";"HadGEM2-ES";"rcp26";2050
"WorldClim";"WC_bio9_he26_2070";"WC_bio9";"HadGEM2-ES";"rcp26";2070
"WorldClim";"WC_bio9_he45_2050";"WC_bio9";"HadGEM2-ES";"rcp45";2050
"WorldClim";"WC_bio9_he45_2070";"WC_bio9";"HadGEM2-ES";"rcp45";2070
"WorldClim";"WC_bio9_he60_2050";"WC_bio9";"HadGEM2-ES";"rcp60";2050
"WorldClim";"WC_bio9_he60_2070";"WC_bio9";"HadGEM2-ES";"rcp60";2070
"WorldClim";"WC_bio9_he85_2050";"WC_bio9";"HadGEM2-ES";"rcp85";2050
"WorldClim";"WC_bio9_he85_2070";"WC_bio9";"HadGEM2-ES";"rcp85";2070
"WorldClim";"WC_bio9_mr26_2050";"WC_bio9";"MIROC-ESM";"rcp26";2050
"WorldClim";"WC_bio9_mr26_2070";"WC_bio9";"MIROC-ESM";"rcp26";2070
"WorldClim";"WC_bio9_mr45_2050";"WC_bio9";"MIROC-ESM";"rcp45";2050
"WorldClim";"WC_bio9_mr45_2070";"WC_bio9";"MIROC-ESM";"rcp45";2070
"WorldClim";"WC_bio9_mr60_2050";"WC_bio9";"MIROC-ESM";"rcp60";2050
"WorldClim";"WC_bio9_mr60_2070";"WC_bio9";"MIROC-ESM";"rcp60";2070
"WorldClim";"WC_bio9_mr85_2050";"WC_bio9";"MIROC-ESM";"rcp85";2050
"WorldClim";"WC_bio9_mr85_2070";"WC_bio9";"MIROC-ESM";"rcp85";2070
"WorldClim";"WC_prec1_cc26_2050";"WC_prec1";"CCSM4";"rcp26";2050
"WorldClim";"WC_prec1_cc26_2070";"WC_prec1";"CCSM4";"rcp26";2070
"WorldClim";"WC_prec1_cc45_2050";"WC_prec1";"CCSM4";"rcp45";2050
"WorldClim";"WC_prec1_cc45_2070";"WC_prec1";"CCSM4";"rcp45";2070
"WorldClim";"WC_prec1_cc60_2050";"WC_prec1";"CCSM4";"rcp60";2050
"WorldClim";"WC_prec1_cc60_2070";"WC_prec1";"CCSM4";"rcp60";2070
"WorldClim";"WC_prec1_cc85_2050";"WC_prec1";"CCSM4";"rcp85";2050
"WorldClim";"WC_prec1_cc85_2070";"WC_prec1";"CCSM4";"rcp85";2070
"WorldClim";"WC_prec1_he26_2050";"WC_prec1";"HadGEM2-ES";"rcp26";2050
"WorldClim";"WC_prec1_he26_2070";"WC_prec1";"HadGEM2-ES";"rcp26";2070
"WorldClim";"WC_prec1_he45_2050";"WC_prec1";"HadGEM2-ES";"rcp45";2050
"WorldClim";"WC_prec1_he45_2070";"WC_prec1";"HadGEM2-ES";"rcp45";2070
"WorldClim";"WC_prec1_he60_2050";"WC_prec1";"HadGEM2-ES";"rcp60";2050
"WorldClim";"WC_prec1_he60_2070";"WC_prec1";"HadGEM2-ES";"rcp60";2070
"WorldClim";"WC_prec1_he85_2050";"WC_prec1";"HadGEM2-ES";"rcp85";2050
"WorldClim";"WC_prec1_he85_2070";"WC_prec1";"HadGEM2-ES";"rcp85";2070
"WorldClim";"WC_prec1_mr26_2050";"WC_prec1";"MIROC-ESM";"rcp26";2050
"WorldClim";"WC_prec1_mr26_2070";"WC_prec1";"MIROC-ESM";"rcp26";2070
"WorldClim";"WC_prec1_mr45_2050";"WC_prec1";"MIROC-ESM";"rcp45";2050
"WorldClim";"WC_prec1_mr45_2070";"WC_prec1";"MIROC-ESM";"rcp45";2070
"WorldClim";"WC_prec1_mr60_2050";"WC_prec1";"MIROC-ESM";"rcp60";2050
"WorldClim";"WC_prec1_mr60_2070";"WC_prec1";"MIROC-ESM";"rcp60";2070
"WorldClim";"WC_prec1_mr85_2050";"WC_prec1";"MIROC-ESM";"rcp85";2050
"WorldClim";"WC_prec1_mr85_2070";"WC_prec1";"MIROC-ESM";"rcp85";2070
"WorldClim";"WC_prec10_cc26_2050";"WC_prec10";"CCSM4";"rcp26";2050
"WorldClim";"WC_prec10_cc26_2070";"WC_prec10";"CCSM4";"rcp26";2070
"WorldClim";"WC_prec10_cc45_2050";"WC_prec10";"CCSM4";"rcp45";2050
"WorldClim";"WC_prec10_cc45_2070";"WC_prec10";"CCSM4";"rcp45";2070
"WorldClim";"WC_prec10_cc60_2050";"WC_prec10";"CCSM4";"rcp60";2050
"WorldClim";"WC_prec10_cc60_2070";"WC_prec10";"CCSM4";"rcp60";2070
"WorldClim";"WC_prec10_cc85_2050";"WC_prec10";"CCSM4";"rcp85";2050
"WorldClim";"WC_prec10_cc85_2070";"WC_prec10";"CCSM4";"rcp85";2070
"WorldClim";"WC_prec10_he26_2050";"WC_prec10";"HadGEM2-ES";"rcp26";2050
"WorldClim";"WC_prec10_he26_2070";"WC_prec10";"HadGEM2-ES";"rcp26";2070
"WorldClim";"WC_prec10_he45_2050";"WC_prec10";"HadGEM2-ES";"rcp45";2050
"WorldClim";"WC_prec10_he45_2070";"WC_prec10";"HadGEM2-ES";"rcp45";2070
"WorldClim";"WC_prec10_he60_2050";"WC_prec10";"HadGEM2-ES";"rcp60";2050
"WorldClim";"WC_prec10_he60_2070";"WC_prec10";"HadGEM2-ES";"rcp60";2070
"WorldClim";"WC_prec10_he85_2050";"WC_prec10";"HadGEM2-ES";"rcp85";2050
"WorldClim";"WC_prec10_he85_2070";"WC_prec10";"HadGEM2-ES";"rcp85";2070
"WorldClim";"WC_prec10_mr26_2050";"WC_prec10";"MIROC-ESM";"rcp26";2050
"WorldClim";"WC_prec10_mr26_2070";"WC_prec10";"MIROC-ESM";"rcp26";2070
"WorldClim";"WC_prec10_mr45_2050";"WC_prec10";"MIROC-ESM";"rcp45";2050
"WorldClim";"WC_prec10_mr45_2070";"WC_prec10";"MIROC-ESM";"rcp45";2070
"WorldClim";"WC_prec10_mr60_2050";"WC_prec10";"MIROC-ESM";"rcp60";2050
"WorldClim";"WC_prec10_mr60_2070";"WC_prec10";"MIROC-ESM";"rcp60";2070
"WorldClim";"WC_prec10_mr85_2050";"WC_prec10";"MIROC-ESM";"rcp85";2050
"WorldClim";"WC_prec10_mr85_2070";"WC_prec10";"MIROC-ESM";"rcp85";2070
"WorldClim";"WC_prec11_cc26_2050";"WC_prec11";"CCSM4";"rcp26";2050
"WorldClim";"WC_prec11_cc26_2070";"WC_prec11";"CCSM4";"rcp26";2070
"WorldClim";"WC_prec11_cc45_2050";"WC_prec11";"CCSM4";"rcp45";2050
"WorldClim";"WC_prec11_cc45_2070";"WC_prec11";"CCSM4";"rcp45";2070
"WorldClim";"WC_prec11_cc60_2050";"WC_prec11";"CCSM4";"rcp60";2050
"WorldClim";"WC_prec11_cc60_2070";"WC_prec11";"CCSM4";"rcp60";2070
"WorldClim";"WC_prec11_cc85_2050";"WC_prec11";"CCSM4";"rcp85";2050
"WorldClim";"WC_prec11_cc85_2070";"WC_prec11";"CCSM4";"rcp85";2070
"WorldClim";"WC_prec11_he26_2050";"WC_prec11";"HadGEM2-ES";"rcp26";2050
"WorldClim";"WC_prec11_he26_2070";"WC_prec11";"HadGEM2-ES";"rcp26";2070
"WorldClim";"WC_prec11_he45_2050";"WC_prec11";"HadGEM2-ES";"rcp45";2050
"WorldClim";"WC_prec11_he45_2070";"WC_prec11";"HadGEM2-ES";"rcp45";2070
"WorldClim";"WC_prec11_he60_2050";"WC_prec11";"HadGEM2-ES";"rcp60";2050
"WorldClim";"WC_prec11_he60_2070";"WC_prec11";"HadGEM2-ES";"rcp60";2070
"WorldClim";"WC_prec11_he85_2050";"WC_prec11";"HadGEM2-ES";"rcp85";2050
"WorldClim";"WC_prec11_he85_2070";"WC_prec11";"HadGEM2-ES";"rcp85";2070
"WorldClim";"WC_prec11_mr26_2050";"WC_prec11";"MIROC-ESM";"rcp26";2050
"WorldClim";"WC_prec11_mr26_2070";"WC_prec11";"MIROC-ESM";"rcp26";2070
"WorldClim";"WC_prec11_mr45_2050";"WC_prec11";"MIROC-ESM";"rcp45";2050
"WorldClim";"WC_prec11_mr45_2070";"WC_prec11";"MIROC-ESM";"rcp45";2070
"WorldClim";"WC_prec11_mr60_2050";"WC_prec11";"MIROC-ESM";"rcp60";2050
"WorldClim";"WC_prec11_mr60_2070";"WC_prec11";"MIROC-ESM";"rcp60";2070
"WorldClim";"WC_prec11_mr85_2050";"WC_prec11";"MIROC-ESM";"rcp85";2050
"WorldClim";"WC_prec11_mr85_2070";"WC_prec11";"MIROC-ESM";"rcp85";2070
"WorldClim";"WC_prec12_cc26_2050";"WC_prec12";"CCSM4";"rcp26";2050
"WorldClim";"WC_prec12_cc26_2070";"WC_prec12";"CCSM4";"rcp26";2070
"WorldClim";"WC_prec12_cc45_2050";"WC_prec12";"CCSM4";"rcp45";2050
"WorldClim";"WC_prec12_cc45_2070";"WC_prec12";"CCSM4";"rcp45";2070
"WorldClim";"WC_prec12_cc60_2050";"WC_prec12";"CCSM4";"rcp60";2050
"WorldClim";"WC_prec12_cc60_2070";"WC_prec12";"CCSM4";"rcp60";2070
"WorldClim";"WC_prec12_cc85_2050";"WC_prec12";"CCSM4";"rcp85";2050
"WorldClim";"WC_prec12_cc85_2070";"WC_prec12";"CCSM4";"rcp85";2070
"WorldClim";"WC_prec12_he26_2050";"WC_prec12";"HadGEM2-ES";"rcp26";2050
"WorldClim";"WC_prec12_he26_2070";"WC_prec12";"HadGEM2-ES";"rcp26";2070
"WorldClim";"WC_prec12_he45_2050";"WC_prec12";"HadGEM2-ES";"rcp45";2050
"WorldClim";"WC_prec12_he45_2070";"WC_prec12";"HadGEM2-ES";"rcp45";2070
"WorldClim";"WC_prec12_he60_2050";"WC_prec12";"HadGEM2-ES";"rcp60";2050
"WorldClim";"WC_prec12_he60_2070";"WC_prec12";"HadGEM2-ES";"rcp60";2070
"WorldClim";"WC_prec12_he85_2050";"WC_prec12";"HadGEM2-ES";"rcp85";2050
"WorldClim";"WC_prec12_he85_2070";"WC_prec12";"HadGEM2-ES";"rcp85";2070
"WorldClim";"WC_prec12_mr26_2050";"WC_prec12";"MIROC-ESM";"rcp26";2050
"WorldClim";"WC_prec12_mr26_2070";"WC_prec12";"MIROC-ESM";"rcp26";2070
"WorldClim";"WC_prec12_mr45_2050";"WC_prec12";"MIROC-ESM";"rcp45";2050
"WorldClim";"WC_prec12_mr45_2070";"WC_prec12";"MIROC-ESM";"rcp45";2070
"WorldClim";"WC_prec12_mr60_2050";"WC_prec12";"MIROC-ESM";"rcp60";2050
"WorldClim";"WC_prec12_mr60_2070";"WC_prec12";"MIROC-ESM";"rcp60";2070
"WorldClim";"WC_prec12_mr85_2050";"WC_prec12";"MIROC-ESM";"rcp85";2050
"WorldClim";"WC_prec12_mr85_2070";"WC_prec12";"MIROC-ESM";"rcp85";2070
"WorldClim";"WC_prec2_cc26_2050";"WC_prec2";"CCSM4";"rcp26";2050
"WorldClim";"WC_prec2_cc26_2070";"WC_prec2";"CCSM4";"rcp26";2070
"WorldClim";"WC_prec2_cc45_2050";"WC_prec2";"CCSM4";"rcp45";2050
"WorldClim";"WC_prec2_cc45_2070";"WC_prec2";"CCSM4";"rcp45";2070
"WorldClim";"WC_prec2_cc60_2050";"WC_prec2";"CCSM4";"rcp60";2050
"WorldClim";"WC_prec2_cc60_2070";"WC_prec2";"CCSM4";"rcp60";2070
"WorldClim";"WC_prec2_cc85_2050";"WC_prec2";"CCSM4";"rcp85";2050
"WorldClim";"WC_prec2_cc85_2070";"WC_prec2";"CCSM4";"rcp85";2070
"WorldClim";"WC_prec2_he26_2050";"WC_prec2";"HadGEM2-ES";"rcp26";2050
"WorldClim";"WC_prec2_he26_2070";"WC_prec2";"HadGEM2-ES";"rcp26";2070
"WorldClim";"WC_prec2_he45_2050";"WC_prec2";"HadGEM2-ES";"rcp45";2050
"WorldClim";"WC_prec2_he45_2070";"WC_prec2";"HadGEM2-ES";"rcp45";2070
"WorldClim";"WC_prec2_he60_2050";"WC_prec2";"HadGEM2-ES";"rcp60";2050
"WorldClim";"WC_prec2_he60_2070";"WC_prec2";"HadGEM2-ES";"rcp60";2070
"WorldClim";"WC_prec2_he85_2050";"WC_prec2";"HadGEM2-ES";"rcp85";2050
"WorldClim";"WC_prec2_he85_2070";"WC_prec2";"HadGEM2-ES";"rcp85";2070
"WorldClim";"WC_prec2_mr26_2050";"WC_prec2";"MIROC-ESM";"rcp26";2050
"WorldClim";"WC_prec2_mr26_2070";"WC_prec2";"MIROC-ESM";"rcp26";2070
"WorldClim";"WC_prec2_mr45_2050";"WC_prec2";"MIROC-ESM";"rcp45";2050
"WorldClim";"WC_prec2_mr45_2070";"WC_prec2";"MIROC-ESM";"rcp45";2070
"WorldClim";"WC_prec2_mr60_2050";"WC_prec2";"MIROC-ESM";"rcp60";2050
"WorldClim";"WC_prec2_mr60_2070";"WC_prec2";"MIROC-ESM";"rcp60";2070
"WorldClim";"WC_prec2_mr85_2050";"WC_prec2";"MIROC-ESM";"rcp85";2050
"WorldClim";"WC_prec2_mr85_2070";"WC_prec2";"MIROC-ESM";"rcp85";2070
"WorldClim";"WC_prec3_cc26_2050";"WC_prec3";"CCSM4";"rcp26";2050
"WorldClim";"WC_prec3_cc26_2070";"WC_prec3";"CCSM4";"rcp26";2070
"WorldClim";"WC_prec3_cc45_2050";"WC_prec3";"CCSM4";"rcp45";2050
"WorldClim";"WC_prec3_cc45_2070";"WC_prec3";"CCSM4";"rcp45";2070
"WorldClim";"WC_prec3_cc60_2050";"WC_prec3";"CCSM4";"rcp60";2050
"WorldClim";"WC_prec3_cc60_2070";"WC_prec3";"CCSM4";"rcp60";2070
"WorldClim";"WC_prec3_cc85_2050";"WC_prec3";"CCSM4";"rcp85";2050
"WorldClim";"WC_prec3_cc85_2070";"WC_prec3";"CCSM4";"rcp85";2070
"WorldClim";"WC_prec3_he26_2050";"WC_prec3";"HadGEM2-ES";"rcp26";2050
"WorldClim";"WC_prec3_he26_2070";"WC_prec3";"HadGEM2-ES";"rcp26";2070
"WorldClim";"WC_prec3_he45_2050";"WC_prec3";"HadGEM2-ES";"rcp45";2050
"WorldClim";"WC_prec3_he45_2070";"WC_prec3";"HadGEM2-ES";"rcp45";2070
"WorldClim";"WC_prec3_he60_2050";"WC_prec3";"HadGEM2-ES";"rcp60";2050
"WorldClim";"WC_prec3_he60_2070";"WC_prec3";"HadGEM2-ES";"rcp60";2070
"WorldClim";"WC_prec3_he85_2050";"WC_prec3";"HadGEM2-ES";"rcp85";2050
"WorldClim";"WC_prec3_he85_2070";"WC_prec3";"HadGEM2-ES";"rcp85";2070
"WorldClim";"WC_prec3_mr26_2050";"WC_prec3";"MIROC-ESM";"rcp26";2050
"WorldClim";"WC_prec3_mr26_2070";"WC_prec3";"MIROC-ESM";"rcp26";2070
"WorldClim";"WC_prec3_mr45_2050";"WC_prec3";"MIROC-ESM";"rcp45";2050
"WorldClim";"WC_prec3_mr45_2070";"WC_prec3";"MIROC-ESM";"rcp45";2070
"WorldClim";"WC_prec3_mr60_2050";"WC_prec3";"MIROC-ESM";"rcp60";2050
"WorldClim";"WC_prec3_mr60_2070";"WC_prec3";"MIROC-ESM";"rcp60";2070
"WorldClim";"WC_prec3_mr85_2050";"WC_prec3";"MIROC-ESM";"rcp85";2050
"WorldClim";"WC_prec3_mr85_2070";"WC_prec3";"MIROC-ESM";"rcp85";2070
"WorldClim";"WC_prec4_cc26_2050";"WC_prec4";"CCSM4";"rcp26";2050
"WorldClim";"WC_prec4_cc26_2070";"WC_prec4";"CCSM4";"rcp26";2070
"WorldClim";"WC_prec4_cc45_2050";"WC_prec4";"CCSM4";"rcp45";2050
"WorldClim";"WC_prec4_cc45_2070";"WC_prec4";"CCSM4";"rcp45";2070
"WorldClim";"WC_prec4_cc60_2050";"WC_prec4";"CCSM4";"rcp60";2050
"WorldClim";"WC_prec4_cc60_2070";"WC_prec4";"CCSM4";"rcp60";2070
"WorldClim";"WC_prec4_cc85_2050";"WC_prec4";"CCSM4";"rcp85";2050
"WorldClim";"WC_prec4_cc85_2070";"WC_prec4";"CCSM4";"rcp85";2070
"WorldClim";"WC_prec4_he26_2050";"WC_prec4";"HadGEM2-ES";"rcp26";2050
"WorldClim";"WC_prec4_he26_2070";"WC_prec4";"HadGEM2-ES";"rcp26";2070
"WorldClim";"WC_prec4_he45_2050";"WC_prec4";"HadGEM2-ES";"rcp45";2050
"WorldClim";"WC_prec4_he45_2070";"WC_prec4";"HadGEM2-ES";"rcp45";2070
"WorldClim";"WC_prec4_he60_2050";"WC_prec4";"HadGEM2-ES";"rcp60";2050
"WorldClim";"WC_prec4_he60_2070";"WC_prec4";"HadGEM2-ES";"rcp60";2070
"WorldClim";"WC_prec4_he85_2050";"WC_prec4";"HadGEM2-ES";"rcp85";2050
"WorldClim";"WC_prec4_he85_2070";"WC_prec4";"HadGEM2-ES";"rcp85";2070
"WorldClim";"WC_prec4_mr26_2050";"WC_prec4";"MIROC-ESM";"rcp26";2050
"WorldClim";"WC_prec4_mr26_2070";"WC_prec4";"MIROC-ESM";"rcp26";2070
"WorldClim";"WC_prec4_mr45_2050";"WC_prec4";"MIROC-ESM";"rcp45";2050
"WorldClim";"WC_prec4_mr45_2070";"WC_prec4";"MIROC-ESM";"rcp45";2070
"WorldClim";"WC_prec4_mr60_2050";"WC_prec4";"MIROC-ESM";"rcp60";2050
"WorldClim";"WC_prec4_mr60_2070";"WC_prec4";"MIROC-ESM";"rcp60";2070
"WorldClim";"WC_prec4_mr85_2050";"WC_prec4";"MIROC-ESM";"rcp85";2050
"WorldClim";"WC_prec4_mr85_2070";"WC_prec4";"MIROC-ESM";"rcp85";2070
"WorldClim";"WC_prec5_cc26_2050";"WC_prec5";"CCSM4";"rcp26";2050
"WorldClim";"WC_prec5_cc26_2070";"WC_prec5";"CCSM4";"rcp26";2070
"WorldClim";"WC_prec5_cc45_2050";"WC_prec5";"CCSM4";"rcp45";2050
"WorldClim";"WC_prec5_cc45_2070";"WC_prec5";"CCSM4";"rcp45";2070
"WorldClim";"WC_prec5_cc60_2050";"WC_prec5";"CCSM4";"rcp60";2050
"WorldClim";"WC_prec5_cc60_2070";"WC_prec5";"CCSM4";"rcp60";2070
"WorldClim";"WC_prec5_cc85_2050";"WC_prec5";"CCSM4";"rcp85";2050
"WorldClim";"WC_prec5_cc85_2070";"WC_prec5";"CCSM4";"rcp85";2070
"WorldClim";"WC_prec5_he26_2050";"WC_prec5";"HadGEM2-ES";"rcp26";2050
"WorldClim";"WC_prec5_he26_2070";"WC_prec5";"HadGEM2-ES";"rcp26";2070
"WorldClim";"WC_prec5_he45_2050";"WC_prec5";"HadGEM2-ES";"rcp45";2050
"WorldClim";"WC_prec5_he45_2070";"WC_prec5";"HadGEM2-ES";"rcp45";2070
"WorldClim";"WC_prec5_he60_2050";"WC_prec5";"HadGEM2-ES";"rcp60";2050
"WorldClim";"WC_prec5_he60_2070";"WC_prec5";"HadGEM2-ES";"rcp60";2070
"WorldClim";"WC_prec5_he85_2050";"WC_prec5";"HadGEM2-ES";"rcp85";2050
"WorldClim";"WC_prec5_he85_2070";"WC_prec5";"HadGEM2-ES";"rcp85";2070
"WorldClim";"WC_prec5_mr26_2050";"WC_prec5";"MIROC-ESM";"rcp26";2050
"WorldClim";"WC_prec5_mr26_2070";"WC_prec5";"MIROC-ESM";"rcp26";2070
"WorldClim";"WC_prec5_mr45_2050";"WC_prec5";"MIROC-ESM";"rcp45";2050
"WorldClim";"WC_prec5_mr45_2070";"WC_prec5";"MIROC-ESM";"rcp45";2070
"WorldClim";"WC_prec5_mr60_2050";"WC_prec5";"MIROC-ESM";"rcp60";2050
"WorldClim";"WC_prec5_mr60_2070";"WC_prec5";"MIROC-ESM";"rcp60";2070
"WorldClim";"WC_prec5_mr85_2050";"WC_prec5";"MIROC-ESM";"rcp85";2050
"WorldClim";"WC_prec5_mr85_2070";"WC_prec5";"MIROC-ESM";"rcp85";2070
"WorldClim";"WC_prec6_cc26_2050";"WC_prec6";"CCSM4";"rcp26";2050
"WorldClim";"WC_prec6_cc26_2070";"WC_prec6";"CCSM4";"rcp26";2070
"WorldClim";"WC_prec6_cc45_2050";"WC_prec6";"CCSM4";"rcp45";2050
"WorldClim";"WC_prec6_cc45_2070";"WC_prec6";"CCSM4";"rcp45";2070
"WorldClim";"WC_prec6_cc60_2050";"WC_prec6";"CCSM4";"rcp60";2050
"WorldClim";"WC_prec6_cc60_2070";"WC_prec6";"CCSM4";"rcp60";2070
"WorldClim";"WC_prec6_cc85_2050";"WC_prec6";"CCSM4";"rcp85";2050
"WorldClim";"WC_prec6_cc85_2070";"WC_prec6";"CCSM4";"rcp85";2070
"WorldClim";"WC_prec6_he26_2050";"WC_prec6";"HadGEM2-ES";"rcp26";2050
"WorldClim";"WC_prec6_he26_2070";"WC_prec6";"HadGEM2-ES";"rcp26";2070
"WorldClim";"WC_prec6_he45_2050";"WC_prec6";"HadGEM2-ES";"rcp45";2050
"WorldClim";"WC_prec6_he45_2070";"WC_prec6";"HadGEM2-ES";"rcp45";2070
"WorldClim";"WC_prec6_he60_2050";"WC_prec6";"HadGEM2-ES";"rcp60";2050
"WorldClim";"WC_prec6_he60_2070";"WC_prec6";"HadGEM2-ES";"rcp60";2070
"WorldClim";"WC_prec6_he85_2050";"WC_prec6";"HadGEM2-ES";"rcp85";2050
"WorldClim";"WC_prec6_he85_2070";"WC_prec6";"HadGEM2-ES";"rcp85";2070
"WorldClim";"WC_prec6_mr26_2050";"WC_prec6";"MIROC-ESM";"rcp26";2050
"WorldClim";"WC_prec6_mr26_2070";"WC_prec6";"MIROC-ESM";"rcp26";2070
"WorldClim";"WC_prec6_mr45_2050";"WC_prec6";"MIROC-ESM";"rcp45";2050
"WorldClim";"WC_prec6_mr45_2070";"WC_prec6";"MIROC-ESM";"rcp45";2070
"WorldClim";"WC_prec6_mr60_2050";"WC_prec6";"MIROC-ESM";"rcp60";2050
"WorldClim";"WC_prec6_mr60_2070";"WC_prec6";"MIROC-ESM";"rcp60";2070
"WorldClim";"WC_prec6_mr85_2050";"WC_prec6";"MIROC-ESM";"rcp85";2050
"WorldClim";"WC_prec6_mr85_2070";"WC_prec6";"MIROC-ESM";"rcp85";2070
"WorldClim";"WC_prec7_cc26_2050";"WC_prec7";"CCSM4";"rcp26";2050
"WorldClim";"WC_prec7_cc26_2070";"WC_prec7";"CCSM4";"rcp26";2070
"WorldClim";"WC_prec7_cc45_2050";"WC_prec7";"CCSM4";"rcp45";2050
"WorldClim";"WC_prec7_cc45_2070";"WC_prec7";"CCSM4";"rcp45";2070
"WorldClim";"WC_prec7_cc60_2050";"WC_prec7";"CCSM4";"rcp60";2050
"WorldClim";"WC_prec7_cc60_2070";"WC_prec7";"CCSM4";"rcp60";2070
"WorldClim";"WC_prec7_cc85_2050";"WC_prec7";"CCSM4";"rcp85";2050
"WorldClim";"WC_prec7_cc85_2070";"WC_prec7";"CCSM4";"rcp85";2070
"WorldClim";"WC_prec7_he26_2050";"WC_prec7";"HadGEM2-ES";"rcp26";2050
"WorldClim";"WC_prec7_he26_2070";"WC_prec7";"HadGEM2-ES";"rcp26";2070
"WorldClim";"WC_prec7_he45_2050";"WC_prec7";"HadGEM2-ES";"rcp45";2050
"WorldClim";"WC_prec7_he45_2070";"WC_prec7";"HadGEM2-ES";"rcp45";2070
"WorldClim";"WC_prec7_he60_2050";"WC_prec7";"HadGEM2-ES";"rcp60";2050
"WorldClim";"WC_prec7_he60_2070";"WC_prec7";"HadGEM2-ES";"rcp60";2070
"WorldClim";"WC_prec7_he85_2050";"WC_prec7";"HadGEM2-ES";"rcp85";2050
"WorldClim";"WC_prec7_he85_2070";"WC_prec7";"HadGEM2-ES";"rcp85";2070
"WorldClim";"WC_prec7_mr26_2050";"WC_prec7";"MIROC-ESM";"rcp26";2050
"WorldClim";"WC_prec7_mr26_2070";"WC_prec7";"MIROC-ESM";"rcp26";2070
"WorldClim";"WC_prec7_mr45_2050";"WC_prec7";"MIROC-ESM";"rcp45";2050
"WorldClim";"WC_prec7_mr45_2070";"WC_prec7";"MIROC-ESM";"rcp45";2070
"WorldClim";"WC_prec7_mr60_2050";"WC_prec7";"MIROC-ESM";"rcp60";2050
"WorldClim";"WC_prec7_mr60_2070";"WC_prec7";"MIROC-ESM";"rcp60";2070
"WorldClim";"WC_prec7_mr85_2050";"WC_prec7";"MIROC-ESM";"rcp85";2050
"WorldClim";"WC_prec7_mr85_2070";"WC_prec7";"MIROC-ESM";"rcp85";2070
"WorldClim";"WC_prec8_cc26_2050";"WC_prec8";"CCSM4";"rcp26";2050
"WorldClim";"WC_prec8_cc26_2070";"WC_prec8";"CCSM4";"rcp26";2070
"WorldClim";"WC_prec8_cc45_2050";"WC_prec8";"CCSM4";"rcp45";2050
"WorldClim";"WC_prec8_cc45_2070";"WC_prec8";"CCSM4";"rcp45";2070
"WorldClim";"WC_prec8_cc60_2050";"WC_prec8";"CCSM4";"rcp60";2050
"WorldClim";"WC_prec8_cc60_2070";"WC_prec8";"CCSM4";"rcp60";2070
"WorldClim";"WC_prec8_cc85_2050";"WC_prec8";"CCSM4";"rcp85";2050
"WorldClim";"WC_prec8_cc85_2070";"WC_prec8";"CCSM4";"rcp85";2070
"WorldClim";"WC_prec8_he26_2050";"WC_prec8";"HadGEM2-ES";"rcp26";2050
"WorldClim";"WC_prec8_he26_2070";"WC_prec8";"HadGEM2-ES";"rcp26";2070
"WorldClim";"WC_prec8_he45_2050";"WC_prec8";"HadGEM2-ES";"rcp45";2050
"WorldClim";"WC_prec8_he45_2070";"WC_prec8";"HadGEM2-ES";"rcp45";2070
"WorldClim";"WC_prec8_he60_2050";"WC_prec8";"HadGEM2-ES";"rcp60";2050
"WorldClim";"WC_prec8_he60_2070";"WC_prec8";"HadGEM2-ES";"rcp60";2070
"WorldClim";"WC_prec8_he85_2050";"WC_prec8";"HadGEM2-ES";"rcp85";2050
"WorldClim";"WC_prec8_he85_2070";"WC_prec8";"HadGEM2-ES";"rcp85";2070
"WorldClim";"WC_prec8_mr26_2050";"WC_prec8";"MIROC-ESM";"rcp26";2050
"WorldClim";"WC_prec8_mr26_2070";"WC_prec8";"MIROC-ESM";"rcp26";2070
"WorldClim";"WC_prec8_mr45_2050";"WC_prec8";"MIROC-ESM";"rcp45";2050
"WorldClim";"WC_prec8_mr45_2070";"WC_prec8";"MIROC-ESM";"rcp45";2070
"WorldClim";"WC_prec8_mr60_2050";"WC_prec8";"MIROC-ESM";"rcp60";2050
"WorldClim";"WC_prec8_mr60_2070";"WC_prec8";"MIROC-ESM";"rcp60";2070
"WorldClim";"WC_prec8_mr85_2050";"WC_prec8";"MIROC-ESM";"rcp85";2050
"WorldClim";"WC_prec8_mr85_2070";"WC_prec8";"MIROC-ESM";"rcp85";2070
"WorldClim";"WC_prec9_cc26_2050";"WC_prec9";"CCSM4";"rcp26";2050
"WorldClim";"WC_prec9_cc26_2070";"WC_prec9";"CCSM4";"rcp26";2070
"WorldClim";"WC_prec9_cc45_2050";"WC_prec9";"CCSM4";"rcp45";2050
"WorldClim";"WC_prec9_cc45_2070";"WC_prec9";"CCSM4";"rcp45";2070
"WorldClim";"WC_prec9_cc60_2050";"WC_prec9";"CCSM4";"rcp60";2050
"WorldClim";"WC_prec9_cc60_2070";"WC_prec9";"CCSM4";"rcp60";2070
"WorldClim";"WC_prec9_cc85_2050";"WC_prec9";"CCSM4";"rcp85";2050
"WorldClim";"WC_prec9_cc85_2070";"WC_prec9";"CCSM4";"rcp85";2070
"WorldClim";"WC_prec9_he26_2050";"WC_prec9";"HadGEM2-ES";"rcp26";2050
"WorldClim";"WC_prec9_he26_2070";"WC_prec9";"HadGEM2-ES";"rcp26";2070
"WorldClim";"WC_prec9_he45_2050";"WC_prec9";"HadGEM2-ES";"rcp45";2050
"WorldClim";"WC_prec9_he45_2070";"WC_prec9";"HadGEM2-ES";"rcp45";2070
"WorldClim";"WC_prec9_he60_2050";"WC_prec9";"HadGEM2-ES";"rcp60";2050
"WorldClim";"WC_prec9_he60_2070";"WC_prec9";"HadGEM2-ES";"rcp60";2070
"WorldClim";"WC_prec9_he85_2050";"WC_prec9";"HadGEM2-ES";"rcp85";2050
"WorldClim";"WC_prec9_he85_2070";"WC_prec9";"HadGEM2-ES";"rcp85";2070
"WorldClim";"WC_prec9_mr26_2050";"WC_prec9";"MIROC-ESM";"rcp26";2050
"WorldClim";"WC_prec9_mr26_2070";"WC_prec9";"MIROC-ESM";"rcp26";2070
"WorldClim";"WC_prec9_mr45_2050";"WC_prec9";"MIROC-ESM";"rcp45";2050
"WorldClim";"WC_prec9_mr45_2070";"WC_prec9";"MIROC-ESM";"rcp45";2070
"WorldClim";"WC_prec9_mr60_2050";"WC_prec9";"MIROC-ESM";"rcp60";2050
"WorldClim";"WC_prec9_mr60_2070";"WC_prec9";"MIROC-ESM";"rcp60";2070
"WorldClim";"WC_prec9_mr85_2050";"WC_prec9";"MIROC-ESM";"rcp85";2050
"WorldClim";"WC_prec9_mr85_2070";"WC_prec9";"MIROC-ESM";"rcp85";2070
"WorldClim";"WC_tmax1_cc26_2050";"WC_tmax1";"CCSM4";"rcp26";2050
"WorldClim";"WC_tmax1_cc26_2070";"WC_tmax1";"CCSM4";"rcp26";2070
"WorldClim";"WC_tmax1_cc45_2050";"WC_tmax1";"CCSM4";"rcp45";2050
"WorldClim";"WC_tmax1_cc45_2070";"WC_tmax1";"CCSM4";"rcp45";2070
"WorldClim";"WC_tmax1_cc60_2050";"WC_tmax1";"CCSM4";"rcp60";2050
"WorldClim";"WC_tmax1_cc60_2070";"WC_tmax1";"CCSM4";"rcp60";2070
"WorldClim";"WC_tmax1_cc85_2050";"WC_tmax1";"CCSM4";"rcp85";2050
"WorldClim";"WC_tmax1_cc85_2070";"WC_tmax1";"CCSM4";"rcp85";2070
"WorldClim";"WC_tmax1_he26_2050";"WC_tmax1";"HadGEM2-ES";"rcp26";2050
"WorldClim";"WC_tmax1_he26_2070";"WC_tmax1";"HadGEM2-ES";"rcp26";2070
"WorldClim";"WC_tmax1_he45_2050";"WC_tmax1";"HadGEM2-ES";"rcp45";2050
"WorldClim";"WC_tmax1_he45_2070";"WC_tmax1";"HadGEM2-ES";"rcp45";2070
"WorldClim";"WC_tmax1_he60_2050";"WC_tmax1";"HadGEM2-ES";"rcp60";2050
"WorldClim";"WC_tmax1_he60_2070";"WC_tmax1";"HadGEM2-ES";"rcp60";2070
"WorldClim";"WC_tmax1_he85_2050";"WC_tmax1";"HadGEM2-ES";"rcp85";2050
"WorldClim";"WC_tmax1_he85_2070";"WC_tmax1";"HadGEM2-ES";"rcp85";2070
"WorldClim";"WC_tmax1_mr26_2050";"WC_tmax1";"MIROC-ESM";"rcp26";2050
"WorldClim";"WC_tmax1_mr26_2070";"WC_tmax1";"MIROC-ESM";"rcp26";2070
"WorldClim";"WC_tmax1_mr45_2050";"WC_tmax1";"MIROC-ESM";"rcp45";2050
"WorldClim";"WC_tmax1_mr45_2070";"WC_tmax1";"MIROC-ESM";"rcp45";2070
"WorldClim";"WC_tmax1_mr60_2050";"WC_tmax1";"MIROC-ESM";"rcp60";2050
"WorldClim";"WC_tmax1_mr60_2070";"WC_tmax1";"MIROC-ESM";"rcp60";2070
"WorldClim";"WC_tmax1_mr85_2050";"WC_tmax1";"MIROC-ESM";"rcp85";2050
"WorldClim";"WC_tmax1_mr85_2070";"WC_tmax1";"MIROC-ESM";"rcp85";2070
"WorldClim";"WC_tmax10_cc26_2050";"WC_tmax10";"CCSM4";"rcp26";2050
"WorldClim";"WC_tmax10_cc26_2070";"WC_tmax10";"CCSM4";"rcp26";2070
"WorldClim";"WC_tmax10_cc45_2050";"WC_tmax10";"CCSM4";"rcp45";2050
"WorldClim";"WC_tmax10_cc45_2070";"WC_tmax10";"CCSM4";"rcp45";2070
"WorldClim";"WC_tmax10_cc60_2050";"WC_tmax10";"CCSM4";"rcp60";2050
"WorldClim";"WC_tmax10_cc60_2070";"WC_tmax10";"CCSM4";"rcp60";2070
"WorldClim";"WC_tmax10_cc85_2050";"WC_tmax10";"CCSM4";"rcp85";2050
"WorldClim";"WC_tmax10_cc85_2070";"WC_tmax10";"CCSM4";"rcp85";2070
"WorldClim";"WC_tmax10_he26_2050";"WC_tmax10";"HadGEM2-ES";"rcp26";2050
"WorldClim";"WC_tmax10_he26_2070";"WC_tmax10";"HadGEM2-ES";"rcp26";2070
"WorldClim";"WC_tmax10_he45_2050";"WC_tmax10";"HadGEM2-ES";"rcp45";2050
"WorldClim";"WC_tmax10_he45_2070";"WC_tmax10";"HadGEM2-ES";"rcp45";2070
"WorldClim";"WC_tmax10_he60_2050";"WC_tmax10";"HadGEM2-ES";"rcp60";2050
"WorldClim";"WC_tmax10_he60_2070";"WC_tmax10";"HadGEM2-ES";"rcp60";2070
"WorldClim";"WC_tmax10_he85_2050";"WC_tmax10";"HadGEM2-ES";"rcp85";2050
"WorldClim";"WC_tmax10_he85_2070";"WC_tmax10";"HadGEM2-ES";"rcp85";2070
"WorldClim";"WC_tmax10_mr26_2050";"WC_tmax10";"MIROC-ESM";"rcp26";2050
"WorldClim";"WC_tmax10_mr26_2070";"WC_tmax10";"MIROC-ESM";"rcp26";2070
"WorldClim";"WC_tmax10_mr45_2050";"WC_tmax10";"MIROC-ESM";"rcp45";2050
"WorldClim";"WC_tmax10_mr45_2070";"WC_tmax10";"MIROC-ESM";"rcp45";2070
"WorldClim";"WC_tmax10_mr60_2050";"WC_tmax10";"MIROC-ESM";"rcp60";2050
"WorldClim";"WC_tmax10_mr60_2070";"WC_tmax10";"MIROC-ESM";"rcp60";2070
"WorldClim";"WC_tmax10_mr85_2050";"WC_tmax10";"MIROC-ESM";"rcp85";2050
"WorldClim";"WC_tmax10_mr85_2070";"WC_tmax10";"MIROC-ESM";"rcp85";2070
"WorldClim";"WC_tmax11_cc26_2050";"WC_tmax11";"CCSM4";"rcp26";2050
"WorldClim";"WC_tmax11_cc26_2070";"WC_tmax11";"CCSM4";"rcp26";2070
"WorldClim";"WC_tmax11_cc45_2050";"WC_tmax11";"CCSM4";"rcp45";2050
"WorldClim";"WC_tmax11_cc45_2070";"WC_tmax11";"CCSM4";"rcp45";2070
"WorldClim";"WC_tmax11_cc60_2050";"WC_tmax11";"CCSM4";"rcp60";2050
"WorldClim";"WC_tmax11_cc60_2070";"WC_tmax11";"CCSM4";"rcp60";2070
"WorldClim";"WC_tmax11_cc85_2050";"WC_tmax11";"CCSM4";"rcp85";2050
"WorldClim";"WC_tmax11_cc85_2070";"WC_tmax11";"CCSM4";"rcp85";2070
"WorldClim";"WC_tmax11_he26_2050";"WC_tmax11";"HadGEM2-ES";"rcp26";2050
"WorldClim";"WC_tmax11_he26_2070";"WC_tmax11";"HadGEM2-ES";"rcp26";2070
"WorldClim";"WC_tmax11_he45_2050";"WC_tmax11";"HadGEM2-ES";"rcp45";2050
"WorldClim";"WC_tmax11_he45_2070";"WC_tmax11";"HadGEM2-ES";"rcp45";2070
"WorldClim";"WC_tmax11_he60_2050";"WC_tmax11";"HadGEM2-ES";"rcp60";2050
"WorldClim";"WC_tmax11_he60_2070";"WC_tmax11";"HadGEM2-ES";"rcp60";2070
"WorldClim";"WC_tmax11_he85_2050";"WC_tmax11";"HadGEM2-ES";"rcp85";2050
"WorldClim";"WC_tmax11_he85_2070";"WC_tmax11";"HadGEM2-ES";"rcp85";2070
"WorldClim";"WC_tmax11_mr26_2050";"WC_tmax11";"MIROC-ESM";"rcp26";2050
"WorldClim";"WC_tmax11_mr26_2070";"WC_tmax11";"MIROC-ESM";"rcp26";2070
"WorldClim";"WC_tmax11_mr45_2050";"WC_tmax11";"MIROC-ESM";"rcp45";2050
"WorldClim";"WC_tmax11_mr45_2070";"WC_tmax11";"MIROC-ESM";"rcp45";2070
"WorldClim";"WC_tmax11_mr60_2050";"WC_tmax11";"MIROC-ESM";"rcp60";2050
"WorldClim";"WC_tmax11_mr60_2070";"WC_tmax11";"MIROC-ESM";"rcp60";2070
"WorldClim";"WC_tmax11_mr85_2050";"WC_tmax11";"MIROC-ESM";"rcp85";2050
"WorldClim";"WC_tmax11_mr85_2070";"WC_tmax11";"MIROC-ESM";"rcp85";2070
"WorldClim";"WC_tmax12_cc26_2050";"WC_tmax12";"CCSM4";"rcp26";2050
"WorldClim";"WC_tmax12_cc26_2070";"WC_tmax12";"CCSM4";"rcp26";2070
"WorldClim";"WC_tmax12_cc45_2050";"WC_tmax12";"CCSM4";"rcp45";2050
"WorldClim";"WC_tmax12_cc45_2070";"WC_tmax12";"CCSM4";"rcp45";2070
"WorldClim";"WC_tmax12_cc60_2050";"WC_tmax12";"CCSM4";"rcp60";2050
"WorldClim";"WC_tmax12_cc60_2070";"WC_tmax12";"CCSM4";"rcp60";2070
"WorldClim";"WC_tmax12_cc85_2050";"WC_tmax12";"CCSM4";"rcp85";2050
"WorldClim";"WC_tmax12_cc85_2070";"WC_tmax12";"CCSM4";"rcp85";2070
"WorldClim";"WC_tmax12_he26_2050";"WC_tmax12";"HadGEM2-ES";"rcp26";2050
"WorldClim";"WC_tmax12_he26_2070";"WC_tmax12";"HadGEM2-ES";"rcp26";2070
"WorldClim";"WC_tmax12_he45_2050";"WC_tmax12";"HadGEM2-ES";"rcp45";2050
"WorldClim";"WC_tmax12_he45_2070";"WC_tmax12";"HadGEM2-ES";"rcp45";2070
"WorldClim";"WC_tmax12_he60_2050";"WC_tmax12";"HadGEM2-ES";"rcp60";2050
"WorldClim";"WC_tmax12_he60_2070";"WC_tmax12";"HadGEM2-ES";"rcp60";2070
"WorldClim";"WC_tmax12_he85_2050";"WC_tmax12";"HadGEM2-ES";"rcp85";2050
"WorldClim";"WC_tmax12_he85_2070";"WC_tmax12";"HadGEM2-ES";"rcp85";2070
"WorldClim";"WC_tmax12_mr26_2050";"WC_tmax12";"MIROC-ESM";"rcp26";2050
"WorldClim";"WC_tmax12_mr26_2070";"WC_tmax12";"MIROC-ESM";"rcp26";2070
"WorldClim";"WC_tmax12_mr45_2050";"WC_tmax12";"MIROC-ESM";"rcp45";2050
"WorldClim";"WC_tmax12_mr45_2070";"WC_tmax12";"MIROC-ESM";"rcp45";2070
"WorldClim";"WC_tmax12_mr60_2050";"WC_tmax12";"MIROC-ESM";"rcp60";2050
"WorldClim";"WC_tmax12_mr60_2070";"WC_tmax12";"MIROC-ESM";"rcp60";2070
"WorldClim";"WC_tmax12_mr85_2050";"WC_tmax12";"MIROC-ESM";"rcp85";2050
"WorldClim";"WC_tmax12_mr85_2070";"WC_tmax12";"MIROC-ESM";"rcp85";2070
"WorldClim";"WC_tmax2_cc26_2050";"WC_tmax2";"CCSM4";"rcp26";2050
"WorldClim";"WC_tmax2_cc26_2070";"WC_tmax2";"CCSM4";"rcp26";2070
"WorldClim";"WC_tmax2_cc45_2050";"WC_tmax2";"CCSM4";"rcp45";2050
"WorldClim";"WC_tmax2_cc45_2070";"WC_tmax2";"CCSM4";"rcp45";2070
"WorldClim";"WC_tmax2_cc60_2050";"WC_tmax2";"CCSM4";"rcp60";2050
"WorldClim";"WC_tmax2_cc60_2070";"WC_tmax2";"CCSM4";"rcp60";2070
"WorldClim";"WC_tmax2_cc85_2050";"WC_tmax2";"CCSM4";"rcp85";2050
"WorldClim";"WC_tmax2_cc85_2070";"WC_tmax2";"CCSM4";"rcp85";2070
"WorldClim";"WC_tmax2_he26_2050";"WC_tmax2";"HadGEM2-ES";"rcp26";2050
"WorldClim";"WC_tmax2_he26_2070";"WC_tmax2";"HadGEM2-ES";"rcp26";2070
"WorldClim";"WC_tmax2_he45_2050";"WC_tmax2";"HadGEM2-ES";"rcp45";2050
"WorldClim";"WC_tmax2_he45_2070";"WC_tmax2";"HadGEM2-ES";"rcp45";2070
"WorldClim";"WC_tmax2_he60_2050";"WC_tmax2";"HadGEM2-ES";"rcp60";2050
"WorldClim";"WC_tmax2_he60_2070";"WC_tmax2";"HadGEM2-ES";"rcp60";2070
"WorldClim";"WC_tmax2_he85_2050";"WC_tmax2";"HadGEM2-ES";"rcp85";2050
"WorldClim";"WC_tmax2_he85_2070";"WC_tmax2";"HadGEM2-ES";"rcp85";2070
"WorldClim";"WC_tmax2_mr26_2050";"WC_tmax2";"MIROC-ESM";"rcp26";2050
"WorldClim";"WC_tmax2_mr26_2070";"WC_tmax2";"MIROC-ESM";"rcp26";2070
"WorldClim";"WC_tmax2_mr45_2050";"WC_tmax2";"MIROC-ESM";"rcp45";2050
"WorldClim";"WC_tmax2_mr45_2070";"WC_tmax2";"MIROC-ESM";"rcp45";2070
"WorldClim";"WC_tmax2_mr60_2050";"WC_tmax2";"MIROC-ESM";"rcp60";2050
"WorldClim";"WC_tmax2_mr60_2070";"WC_tmax2";"MIROC-ESM";"rcp60";2070
"WorldClim";"WC_tmax2_mr85_2050";"WC_tmax2";"MIROC-ESM";"rcp85";2050
"WorldClim";"WC_tmax2_mr85_2070";"WC_tmax2";"MIROC-ESM";"rcp85";2070
"WorldClim";"WC_tmax3_cc26_2050";"WC_tmax3";"CCSM4";"rcp26";2050
"WorldClim";"WC_tmax3_cc26_2070";"WC_tmax3";"CCSM4";"rcp26";2070
"WorldClim";"WC_tmax3_cc45_2050";"WC_tmax3";"CCSM4";"rcp45";2050
"WorldClim";"WC_tmax3_cc45_2070";"WC_tmax3";"CCSM4";"rcp45";2070
"WorldClim";"WC_tmax3_cc60_2050";"WC_tmax3";"CCSM4";"rcp60";2050
"WorldClim";"WC_tmax3_cc60_2070";"WC_tmax3";"CCSM4";"rcp60";2070
"WorldClim";"WC_tmax3_cc85_2050";"WC_tmax3";"CCSM4";"rcp85";2050
"WorldClim";"WC_tmax3_cc85_2070";"WC_tmax3";"CCSM4";"rcp85";2070
"WorldClim";"WC_tmax3_he26_2050";"WC_tmax3";"HadGEM2-ES";"rcp26";2050
"WorldClim";"WC_tmax3_he26_2070";"WC_tmax3";"HadGEM2-ES";"rcp26";2070
"WorldClim";"WC_tmax3_he45_2050";"WC_tmax3";"HadGEM2-ES";"rcp45";2050
"WorldClim";"WC_tmax3_he45_2070";"WC_tmax3";"HadGEM2-ES";"rcp45";2070
"WorldClim";"WC_tmax3_he60_2050";"WC_tmax3";"HadGEM2-ES";"rcp60";2050
"WorldClim";"WC_tmax3_he60_2070";"WC_tmax3";"HadGEM2-ES";"rcp60";2070
"WorldClim";"WC_tmax3_he85_2050";"WC_tmax3";"HadGEM2-ES";"rcp85";2050
"WorldClim";"WC_tmax3_he85_2070";"WC_tmax3";"HadGEM2-ES";"rcp85";2070
"WorldClim";"WC_tmax3_mr26_2050";"WC_tmax3";"MIROC-ESM";"rcp26";2050
"WorldClim";"WC_tmax3_mr26_2070";"WC_tmax3";"MIROC-ESM";"rcp26";2070
"WorldClim";"WC_tmax3_mr45_2050";"WC_tmax3";"MIROC-ESM";"rcp45";2050
"WorldClim";"WC_tmax3_mr45_2070";"WC_tmax3";"MIROC-ESM";"rcp45";2070
"WorldClim";"WC_tmax3_mr60_2050";"WC_tmax3";"MIROC-ESM";"rcp60";2050
"WorldClim";"WC_tmax3_mr60_2070";"WC_tmax3";"MIROC-ESM";"rcp60";2070
"WorldClim";"WC_tmax3_mr85_2050";"WC_tmax3";"MIROC-ESM";"rcp85";2050
"WorldClim";"WC_tmax3_mr85_2070";"WC_tmax3";"MIROC-ESM";"rcp85";2070
"WorldClim";"WC_tmax4_cc26_2050";"WC_tmax4";"CCSM4";"rcp26";2050
"WorldClim";"WC_tmax4_cc26_2070";"WC_tmax4";"CCSM4";"rcp26";2070
"WorldClim";"WC_tmax4_cc45_2050";"WC_tmax4";"CCSM4";"rcp45";2050
"WorldClim";"WC_tmax4_cc45_2070";"WC_tmax4";"CCSM4";"rcp45";2070
"WorldClim";"WC_tmax4_cc60_2050";"WC_tmax4";"CCSM4";"rcp60";2050
"WorldClim";"WC_tmax4_cc60_2070";"WC_tmax4";"CCSM4";"rcp60";2070
"WorldClim";"WC_tmax4_cc85_2050";"WC_tmax4";"CCSM4";"rcp85";2050
"WorldClim";"WC_tmax4_cc85_2070";"WC_tmax4";"CCSM4";"rcp85";2070
"WorldClim";"WC_tmax4_he26_2050";"WC_tmax4";"HadGEM2-ES";"rcp26";2050
"WorldClim";"WC_tmax4_he26_2070";"WC_tmax4";"HadGEM2-ES";"rcp26";2070
"WorldClim";"WC_tmax4_he45_2050";"WC_tmax4";"HadGEM2-ES";"rcp45";2050
"WorldClim";"WC_tmax4_he45_2070";"WC_tmax4";"HadGEM2-ES";"rcp45";2070
"WorldClim";"WC_tmax4_he60_2050";"WC_tmax4";"HadGEM2-ES";"rcp60";2050
"WorldClim";"WC_tmax4_he60_2070";"WC_tmax4";"HadGEM2-ES";"rcp60";2070
"WorldClim";"WC_tmax4_he85_2050";"WC_tmax4";"HadGEM2-ES";"rcp85";2050
"WorldClim";"WC_tmax4_he85_2070";"WC_tmax4";"HadGEM2-ES";"rcp85";2070
"WorldClim";"WC_tmax4_mr26_2050";"WC_tmax4";"MIROC-ESM";"rcp26";2050
"WorldClim";"WC_tmax4_mr26_2070";"WC_tmax4";"MIROC-ESM";"rcp26";2070
"WorldClim";"WC_tmax4_mr45_2050";"WC_tmax4";"MIROC-ESM";"rcp45";2050
"WorldClim";"WC_tmax4_mr45_2070";"WC_tmax4";"MIROC-ESM";"rcp45";2070
"WorldClim";"WC_tmax4_mr60_2050";"WC_tmax4";"MIROC-ESM";"rcp60";2050
"WorldClim";"WC_tmax4_mr60_2070";"WC_tmax4";"MIROC-ESM";"rcp60";2070
"WorldClim";"WC_tmax4_mr85_2050";"WC_tmax4";"MIROC-ESM";"rcp85";2050
"WorldClim";"WC_tmax4_mr85_2070";"WC_tmax4";"MIROC-ESM";"rcp85";2070
"WorldClim";"WC_tmax5_cc26_2050";"WC_tmax5";"CCSM4";"rcp26";2050
"WorldClim";"WC_tmax5_cc26_2070";"WC_tmax5";"CCSM4";"rcp26";2070
"WorldClim";"WC_tmax5_cc45_2050";"WC_tmax5";"CCSM4";"rcp45";2050
"WorldClim";"WC_tmax5_cc45_2070";"WC_tmax5";"CCSM4";"rcp45";2070
"WorldClim";"WC_tmax5_cc60_2050";"WC_tmax5";"CCSM4";"rcp60";2050
"WorldClim";"WC_tmax5_cc60_2070";"WC_tmax5";"CCSM4";"rcp60";2070
"WorldClim";"WC_tmax5_cc85_2050";"WC_tmax5";"CCSM4";"rcp85";2050
"WorldClim";"WC_tmax5_cc85_2070";"WC_tmax5";"CCSM4";"rcp85";2070
"WorldClim";"WC_tmax5_he26_2050";"WC_tmax5";"HadGEM2-ES";"rcp26";2050
"WorldClim";"WC_tmax5_he26_2070";"WC_tmax5";"HadGEM2-ES";"rcp26";2070
"WorldClim";"WC_tmax5_he45_2050";"WC_tmax5";"HadGEM2-ES";"rcp45";2050
"WorldClim";"WC_tmax5_he45_2070";"WC_tmax5";"HadGEM2-ES";"rcp45";2070
"WorldClim";"WC_tmax5_he60_2050";"WC_tmax5";"HadGEM2-ES";"rcp60";2050
"WorldClim";"WC_tmax5_he60_2070";"WC_tmax5";"HadGEM2-ES";"rcp60";2070
"WorldClim";"WC_tmax5_he85_2050";"WC_tmax5";"HadGEM2-ES";"rcp85";2050
"WorldClim";"WC_tmax5_he85_2070";"WC_tmax5";"HadGEM2-ES";"rcp85";2070
"WorldClim";"WC_tmax5_mr26_2050";"WC_tmax5";"MIROC-ESM";"rcp26";2050
"WorldClim";"WC_tmax5_mr26_2070";"WC_tmax5";"MIROC-ESM";"rcp26";2070
"WorldClim";"WC_tmax5_mr45_2050";"WC_tmax5";"MIROC-ESM";"rcp45";2050
"WorldClim";"WC_tmax5_mr45_2070";"WC_tmax5";"MIROC-ESM";"rcp45";2070
"WorldClim";"WC_tmax5_mr60_2050";"WC_tmax5";"MIROC-ESM";"rcp60";2050
"WorldClim";"WC_tmax5_mr60_2070";"WC_tmax5";"MIROC-ESM";"rcp60";2070
"WorldClim";"WC_tmax5_mr85_2050";"WC_tmax5";"MIROC-ESM";"rcp85";2050
"WorldClim";"WC_tmax5_mr85_2070";"WC_tmax5";"MIROC-ESM";"rcp85";2070
"WorldClim";"WC_tmax6_cc26_2050";"WC_tmax6";"CCSM4";"rcp26";2050
"WorldClim";"WC_tmax6_cc26_2070";"WC_tmax6";"CCSM4";"rcp26";2070
"WorldClim";"WC_tmax6_cc45_2050";"WC_tmax6";"CCSM4";"rcp45";2050
"WorldClim";"WC_tmax6_cc45_2070";"WC_tmax6";"CCSM4";"rcp45";2070
"WorldClim";"WC_tmax6_cc60_2050";"WC_tmax6";"CCSM4";"rcp60";2050
"WorldClim";"WC_tmax6_cc60_2070";"WC_tmax6";"CCSM4";"rcp60";2070
"WorldClim";"WC_tmax6_cc85_2050";"WC_tmax6";"CCSM4";"rcp85";2050
"WorldClim";"WC_tmax6_cc85_2070";"WC_tmax6";"CCSM4";"rcp85";2070
"WorldClim";"WC_tmax6_he26_2050";"WC_tmax6";"HadGEM2-ES";"rcp26";2050
"WorldClim";"WC_tmax6_he26_2070";"WC_tmax6";"HadGEM2-ES";"rcp26";2070
"WorldClim";"WC_tmax6_he45_2050";"WC_tmax6";"HadGEM2-ES";"rcp45";2050
"WorldClim";"WC_tmax6_he45_2070";"WC_tmax6";"HadGEM2-ES";"rcp45";2070
"WorldClim";"WC_tmax6_he60_2050";"WC_tmax6";"HadGEM2-ES";"rcp60";2050
"WorldClim";"WC_tmax6_he60_2070";"WC_tmax6";"HadGEM2-ES";"rcp60";2070
"WorldClim";"WC_tmax6_he85_2050";"WC_tmax6";"HadGEM2-ES";"rcp85";2050
"WorldClim";"WC_tmax6_he85_2070";"WC_tmax6";"HadGEM2-ES";"rcp85";2070
"WorldClim";"WC_tmax6_mr26_2050";"WC_tmax6";"MIROC-ESM";"rcp26";2050
"WorldClim";"WC_tmax6_mr26_2070";"WC_tmax6";"MIROC-ESM";"rcp26";2070
"WorldClim";"WC_tmax6_mr45_2050";"WC_tmax6";"MIROC-ESM";"rcp45";2050
"WorldClim";"WC_tmax6_mr45_2070";"WC_tmax6";"MIROC-ESM";"rcp45";2070
"WorldClim";"WC_tmax6_mr60_2050";"WC_tmax6";"MIROC-ESM";"rcp60";2050
"WorldClim";"WC_tmax6_mr60_2070";"WC_tmax6";"MIROC-ESM";"rcp60";2070
"WorldClim";"WC_tmax6_mr85_2050";"WC_tmax6";"MIROC-ESM";"rcp85";2050
"WorldClim";"WC_tmax6_mr85_2070";"WC_tmax6";"MIROC-ESM";"rcp85";2070
"WorldClim";"WC_tmax7_cc26_2050";"WC_tmax7";"CCSM4";"rcp26";2050
"WorldClim";"WC_tmax7_cc26_2070";"WC_tmax7";"CCSM4";"rcp26";2070
"WorldClim";"WC_tmax7_cc45_2050";"WC_tmax7";"CCSM4";"rcp45";2050
"WorldClim";"WC_tmax7_cc45_2070";"WC_tmax7";"CCSM4";"rcp45";2070
"WorldClim";"WC_tmax7_cc60_2050";"WC_tmax7";"CCSM4";"rcp60";2050
"WorldClim";"WC_tmax7_cc60_2070";"WC_tmax7";"CCSM4";"rcp60";2070
"WorldClim";"WC_tmax7_cc85_2050";"WC_tmax7";"CCSM4";"rcp85";2050
"WorldClim";"WC_tmax7_cc85_2070";"WC_tmax7";"CCSM4";"rcp85";2070
"WorldClim";"WC_tmax7_he26_2050";"WC_tmax7";"HadGEM2-ES";"rcp26";2050
"WorldClim";"WC_tmax7_he26_2070";"WC_tmax7";"HadGEM2-ES";"rcp26";2070
"WorldClim";"WC_tmax7_he45_2050";"WC_tmax7";"HadGEM2-ES";"rcp45";2050
"WorldClim";"WC_tmax7_he45_2070";"WC_tmax7";"HadGEM2-ES";"rcp45";2070
"WorldClim";"WC_tmax7_he60_2050";"WC_tmax7";"HadGEM2-ES";"rcp60";2050
"WorldClim";"WC_tmax7_he60_2070";"WC_tmax7";"HadGEM2-ES";"rcp60";2070
"WorldClim";"WC_tmax7_he85_2050";"WC_tmax7";"HadGEM2-ES";"rcp85";2050
"WorldClim";"WC_tmax7_he85_2070";"WC_tmax7";"HadGEM2-ES";"rcp85";2070
"WorldClim";"WC_tmax7_mr26_2050";"WC_tmax7";"MIROC-ESM";"rcp26";2050
"WorldClim";"WC_tmax7_mr26_2070";"WC_tmax7";"MIROC-ESM";"rcp26";2070
"WorldClim";"WC_tmax7_mr45_2050";"WC_tmax7";"MIROC-ESM";"rcp45";2050
"WorldClim";"WC_tmax7_mr45_2070";"WC_tmax7";"MIROC-ESM";"rcp45";2070
"WorldClim";"WC_tmax7_mr60_2050";"WC_tmax7";"MIROC-ESM";"rcp60";2050
"WorldClim";"WC_tmax7_mr60_2070";"WC_tmax7";"MIROC-ESM";"rcp60";2070
"WorldClim";"WC_tmax7_mr85_2050";"WC_tmax7";"MIROC-ESM";"rcp85";2050
"WorldClim";"WC_tmax7_mr85_2070";"WC_tmax7";"MIROC-ESM";"rcp85";2070
"WorldClim";"WC_tmax8_cc26_2050";"WC_tmax8";"CCSM4";"rcp26";2050
"WorldClim";"WC_tmax8_cc26_2070";"WC_tmax8";"CCSM4";"rcp26";2070
"WorldClim";"WC_tmax8_cc45_2050";"WC_tmax8";"CCSM4";"rcp45";2050
"WorldClim";"WC_tmax8_cc45_2070";"WC_tmax8";"CCSM4";"rcp45";2070
"WorldClim";"WC_tmax8_cc60_2050";"WC_tmax8";"CCSM4";"rcp60";2050
"WorldClim";"WC_tmax8_cc60_2070";"WC_tmax8";"CCSM4";"rcp60";2070
"WorldClim";"WC_tmax8_cc85_2050";"WC_tmax8";"CCSM4";"rcp85";2050
"WorldClim";"WC_tmax8_cc85_2070";"WC_tmax8";"CCSM4";"rcp85";2070
"WorldClim";"WC_tmax8_he26_2050";"WC_tmax8";"HadGEM2-ES";"rcp26";2050
"WorldClim";"WC_tmax8_he26_2070";"WC_tmax8";"HadGEM2-ES";"rcp26";2070
"WorldClim";"WC_tmax8_he45_2050";"WC_tmax8";"HadGEM2-ES";"rcp45";2050
"WorldClim";"WC_tmax8_he45_2070";"WC_tmax8";"HadGEM2-ES";"rcp45";2070
"WorldClim";"WC_tmax8_he60_2050";"WC_tmax8";"HadGEM2-ES";"rcp60";2050
"WorldClim";"WC_tmax8_he60_2070";"WC_tmax8";"HadGEM2-ES";"rcp60";2070
"WorldClim";"WC_tmax8_he85_2050";"WC_tmax8";"HadGEM2-ES";"rcp85";2050
"WorldClim";"WC_tmax8_he85_2070";"WC_tmax8";"HadGEM2-ES";"rcp85";2070
"WorldClim";"WC_tmax8_mr26_2050";"WC_tmax8";"MIROC-ESM";"rcp26";2050
"WorldClim";"WC_tmax8_mr26_2070";"WC_tmax8";"MIROC-ESM";"rcp26";2070
"WorldClim";"WC_tmax8_mr45_2050";"WC_tmax8";"MIROC-ESM";"rcp45";2050
"WorldClim";"WC_tmax8_mr45_2070";"WC_tmax8";"MIROC-ESM";"rcp45";2070
"WorldClim";"WC_tmax8_mr60_2050";"WC_tmax8";"MIROC-ESM";"rcp60";2050
"WorldClim";"WC_tmax8_mr60_2070";"WC_tmax8";"MIROC-ESM";"rcp60";2070
"WorldClim";"WC_tmax8_mr85_2050";"WC_tmax8";"MIROC-ESM";"rcp85";2050
"WorldClim";"WC_tmax8_mr85_2070";"WC_tmax8";"MIROC-ESM";"rcp85";2070
"WorldClim";"WC_tmax9_cc26_2050";"WC_tmax9";"CCSM4";"rcp26";2050
"WorldClim";"WC_tmax9_cc26_2070";"WC_tmax9";"CCSM4";"rcp26";2070
"WorldClim";"WC_tmax9_cc45_2050";"WC_tmax9";"CCSM4";"rcp45";2050
"WorldClim";"WC_tmax9_cc45_2070";"WC_tmax9";"CCSM4";"rcp45";2070
"WorldClim";"WC_tmax9_cc60_2050";"WC_tmax9";"CCSM4";"rcp60";2050
"WorldClim";"WC_tmax9_cc60_2070";"WC_tmax9";"CCSM4";"rcp60";2070
"WorldClim";"WC_tmax9_cc85_2050";"WC_tmax9";"CCSM4";"rcp85";2050
"WorldClim";"WC_tmax9_cc85_2070";"WC_tmax9";"CCSM4";"rcp85";2070
"WorldClim";"WC_tmax9_he26_2050";"WC_tmax9";"HadGEM2-ES";"rcp26";2050
"WorldClim";"WC_tmax9_he26_2070";"WC_tmax9";"HadGEM2-ES";"rcp26";2070
"WorldClim";"WC_tmax9_he45_2050";"WC_tmax9";"HadGEM2-ES";"rcp45";2050
"WorldClim";"WC_tmax9_he45_2070";"WC_tmax9";"HadGEM2-ES";"rcp45";2070
"WorldClim";"WC_tmax9_he60_2050";"WC_tmax9";"HadGEM2-ES";"rcp60";2050
"WorldClim";"WC_tmax9_he60_2070";"WC_tmax9";"HadGEM2-ES";"rcp60";2070
"WorldClim";"WC_tmax9_he85_2050";"WC_tmax9";"HadGEM2-ES";"rcp85";2050
"WorldClim";"WC_tmax9_he85_2070";"WC_tmax9";"HadGEM2-ES";"rcp85";2070
"WorldClim";"WC_tmax9_mr26_2050";"WC_tmax9";"MIROC-ESM";"rcp26";2050
"WorldClim";"WC_tmax9_mr26_2070";"WC_tmax9";"MIROC-ESM";"rcp26";2070
"WorldClim";"WC_tmax9_mr45_2050";"WC_tmax9";"MIROC-ESM";"rcp45";2050
"WorldClim";"WC_tmax9_mr45_2070";"WC_tmax9";"MIROC-ESM";"rcp45";2070
"WorldClim";"WC_tmax9_mr60_2050";"WC_tmax9";"MIROC-ESM";"rcp60";2050
"WorldClim";"WC_tmax9_mr60_2070";"WC_tmax9";"MIROC-ESM";"rcp60";2070
"WorldClim";"WC_tmax9_mr85_2050";"WC_tmax9";"MIROC-ESM";"rcp85";2050
"WorldClim";"WC_tmax9_mr85_2070";"WC_tmax9";"MIROC-ESM";"rcp85";2070
"WorldClim";"WC_tmin1_cc26_2050";"WC_tmin1";"CCSM4";"rcp26";2050
"WorldClim";"WC_tmin1_cc26_2070";"WC_tmin1";"CCSM4";"rcp26";2070
"WorldClim";"WC_tmin1_cc45_2050";"WC_tmin1";"CCSM4";"rcp45";2050
"WorldClim";"WC_tmin1_cc45_2070";"WC_tmin1";"CCSM4";"rcp45";2070
"WorldClim";"WC_tmin1_cc60_2050";"WC_tmin1";"CCSM4";"rcp60";2050
"WorldClim";"WC_tmin1_cc60_2070";"WC_tmin1";"CCSM4";"rcp60";2070
"WorldClim";"WC_tmin1_cc85_2050";"WC_tmin1";"CCSM4";"rcp85";2050
"WorldClim";"WC_tmin1_cc85_2070";"WC_tmin1";"CCSM4";"rcp85";2070
"WorldClim";"WC_tmin1_he26_2050";"WC_tmin1";"HadGEM2-ES";"rcp26";2050
"WorldClim";"WC_tmin1_he26_2070";"WC_tmin1";"HadGEM2-ES";"rcp26";2070
"WorldClim";"WC_tmin1_he45_2050";"WC_tmin1";"HadGEM2-ES";"rcp45";2050
"WorldClim";"WC_tmin1_he45_2070";"WC_tmin1";"HadGEM2-ES";"rcp45";2070
"WorldClim";"WC_tmin1_he60_2050";"WC_tmin1";"HadGEM2-ES";"rcp60";2050
"WorldClim";"WC_tmin1_he60_2070";"WC_tmin1";"HadGEM2-ES";"rcp60";2070
"WorldClim";"WC_tmin1_he85_2050";"WC_tmin1";"HadGEM2-ES";"rcp85";2050
"WorldClim";"WC_tmin1_he85_2070";"WC_tmin1";"HadGEM2-ES";"rcp85";2070
"WorldClim";"WC_tmin1_mr26_2050";"WC_tmin1";"MIROC-ESM";"rcp26";2050
"WorldClim";"WC_tmin1_mr26_2070";"WC_tmin1";"MIROC-ESM";"rcp26";2070
"WorldClim";"WC_tmin1_mr45_2050";"WC_tmin1";"MIROC-ESM";"rcp45";2050
"WorldClim";"WC_tmin1_mr45_2070";"WC_tmin1";"MIROC-ESM";"rcp45";2070
"WorldClim";"WC_tmin1_mr60_2050";"WC_tmin1";"MIROC-ESM";"rcp60";2050
"WorldClim";"WC_tmin1_mr60_2070";"WC_tmin1";"MIROC-ESM";"rcp60";2070
"WorldClim";"WC_tmin1_mr85_2050";"WC_tmin1";"MIROC-ESM";"rcp85";2050
"WorldClim";"WC_tmin1_mr85_2070";"WC_tmin1";"MIROC-ESM";"rcp85";2070
"WorldClim";"WC_tmin10_cc26_2050";"WC_tmin10";"CCSM4";"rcp26";2050
"WorldClim";"WC_tmin10_cc26_2070";"WC_tmin10";"CCSM4";"rcp26";2070
"WorldClim";"WC_tmin10_cc45_2050";"WC_tmin10";"CCSM4";"rcp45";2050
"WorldClim";"WC_tmin10_cc45_2070";"WC_tmin10";"CCSM4";"rcp45";2070
"WorldClim";"WC_tmin10_cc60_2050";"WC_tmin10";"CCSM4";"rcp60";2050
"WorldClim";"WC_tmin10_cc60_2070";"WC_tmin10";"CCSM4";"rcp60";2070
"WorldClim";"WC_tmin10_cc85_2050";"WC_tmin10";"CCSM4";"rcp85";2050
"WorldClim";"WC_tmin10_cc85_2070";"WC_tmin10";"CCSM4";"rcp85";2070
"WorldClim";"WC_tmin10_he26_2050";"WC_tmin10";"HadGEM2-ES";"rcp26";2050
"WorldClim";"WC_tmin10_he26_2070";"WC_tmin10";"HadGEM2-ES";"rcp26";2070
"WorldClim";"WC_tmin10_he45_2050";"WC_tmin10";"HadGEM2-ES";"rcp45";2050
"WorldClim";"WC_tmin10_he45_2070";"WC_tmin10";"HadGEM2-ES";"rcp45";2070
"WorldClim";"WC_tmin10_he60_2050";"WC_tmin10";"HadGEM2-ES";"rcp60";2050
"WorldClim";"WC_tmin10_he60_2070";"WC_tmin10";"HadGEM2-ES";"rcp60";2070
"WorldClim";"WC_tmin10_he85_2050";"WC_tmin10";"HadGEM2-ES";"rcp85";2050
"WorldClim";"WC_tmin10_he85_2070";"WC_tmin10";"HadGEM2-ES";"rcp85";2070
"WorldClim";"WC_tmin10_mr26_2050";"WC_tmin10";"MIROC-ESM";"rcp26";2050
"WorldClim";"WC_tmin10_mr26_2070";"WC_tmin10";"MIROC-ESM";"rcp26";2070
"WorldClim";"WC_tmin10_mr45_2050";"WC_tmin10";"MIROC-ESM";"rcp45";2050
"WorldClim";"WC_tmin10_mr45_2070";"WC_tmin10";"MIROC-ESM";"rcp45";2070
"WorldClim";"WC_tmin10_mr60_2050";"WC_tmin10";"MIROC-ESM";"rcp60";2050
"WorldClim";"WC_tmin10_mr60_2070";"WC_tmin10";"MIROC-ESM";"rcp60";2070
"WorldClim";"WC_tmin10_mr85_2050";"WC_tmin10";"MIROC-ESM";"rcp85";2050
"WorldClim";"WC_tmin10_mr85_2070";"WC_tmin10";"MIROC-ESM";"rcp85";2070
"WorldClim";"WC_tmin11_cc26_2050";"WC_tmin11";"CCSM4";"rcp26";2050
"WorldClim";"WC_tmin11_cc26_2070";"WC_tmin11";"CCSM4";"rcp26";2070
"WorldClim";"WC_tmin11_cc45_2050";"WC_tmin11";"CCSM4";"rcp45";2050
"WorldClim";"WC_tmin11_cc45_2070";"WC_tmin11";"CCSM4";"rcp45";2070
"WorldClim";"WC_tmin11_cc60_2050";"WC_tmin11";"CCSM4";"rcp60";2050
"WorldClim";"WC_tmin11_cc60_2070";"WC_tmin11";"CCSM4";"rcp60";2070
"WorldClim";"WC_tmin11_cc85_2050";"WC_tmin11";"CCSM4";"rcp85";2050
"WorldClim";"WC_tmin11_cc85_2070";"WC_tmin11";"CCSM4";"rcp85";2070
"WorldClim";"WC_tmin11_he26_2050";"WC_tmin11";"HadGEM2-ES";"rcp26";2050
"WorldClim";"WC_tmin11_he26_2070";"WC_tmin11";"HadGEM2-ES";"rcp26";2070
"WorldClim";"WC_tmin11_he45_2050";"WC_tmin11";"HadGEM2-ES";"rcp45";2050
"WorldClim";"WC_tmin11_he45_2070";"WC_tmin11";"HadGEM2-ES";"rcp45";2070
"WorldClim";"WC_tmin11_he60_2050";"WC_tmin11";"HadGEM2-ES";"rcp60";2050
"WorldClim";"WC_tmin11_he60_2070";"WC_tmin11";"HadGEM2-ES";"rcp60";2070
"WorldClim";"WC_tmin11_he85_2050";"WC_tmin11";"HadGEM2-ES";"rcp85";2050
"WorldClim";"WC_tmin11_he85_2070";"WC_tmin11";"HadGEM2-ES";"rcp85";2070
"WorldClim";"WC_tmin11_mr26_2050";"WC_tmin11";"MIROC-ESM";"rcp26";2050
"WorldClim";"WC_tmin11_mr26_2070";"WC_tmin11";"MIROC-ESM";"rcp26";2070
"WorldClim";"WC_tmin11_mr45_2050";"WC_tmin11";"MIROC-ESM";"rcp45";2050
"WorldClim";"WC_tmin11_mr45_2070";"WC_tmin11";"MIROC-ESM";"rcp45";2070
"WorldClim";"WC_tmin11_mr60_2050";"WC_tmin11";"MIROC-ESM";"rcp60";2050
"WorldClim";"WC_tmin11_mr60_2070";"WC_tmin11";"MIROC-ESM";"rcp60";2070
"WorldClim";"WC_tmin11_mr85_2050";"WC_tmin11";"MIROC-ESM";"rcp85";2050
"WorldClim";"WC_tmin11_mr85_2070";"WC_tmin11";"MIROC-ESM";"rcp85";2070
"WorldClim";"WC_tmin12_cc26_2050";"WC_tmin12";"CCSM4";"rcp26";2050
"WorldClim";"WC_tmin12_cc26_2070";"WC_tmin12";"CCSM4";"rcp26";2070
"WorldClim";"WC_tmin12_cc45_2050";"WC_tmin12";"CCSM4";"rcp45";2050
"WorldClim";"WC_tmin12_cc45_2070";"WC_tmin12";"CCSM4";"rcp45";2070
"WorldClim";"WC_tmin12_cc60_2050";"WC_tmin12";"CCSM4";"rcp60";2050
"WorldClim";"WC_tmin12_cc60_2070";"WC_tmin12";"CCSM4";"rcp60";2070
"WorldClim";"WC_tmin12_cc85_2050";"WC_tmin12";"CCSM4";"rcp85";2050
"WorldClim";"WC_tmin12_cc85_2070";"WC_tmin12";"CCSM4";"rcp85";2070
"WorldClim";"WC_tmin12_he26_2050";"WC_tmin12";"HadGEM2-ES";"rcp26";2050
"WorldClim";"WC_tmin12_he26_2070";"WC_tmin12";"HadGEM2-ES";"rcp26";2070
"WorldClim";"WC_tmin12_he45_2050";"WC_tmin12";"HadGEM2-ES";"rcp45";2050
"WorldClim";"WC_tmin12_he45_2070";"WC_tmin12";"HadGEM2-ES";"rcp45";2070
"WorldClim";"WC_tmin12_he60_2050";"WC_tmin12";"HadGEM2-ES";"rcp60";2050
"WorldClim";"WC_tmin12_he60_2070";"WC_tmin12";"HadGEM2-ES";"rcp60";2070
"WorldClim";"WC_tmin12_he85_2050";"WC_tmin12";"HadGEM2-ES";"rcp85";2050
"WorldClim";"WC_tmin12_he85_2070";"WC_tmin12";"HadGEM2-ES";"rcp85";2070
"WorldClim";"WC_tmin12_mr26_2050";"WC_tmin12";"MIROC-ESM";"rcp26";2050
"WorldClim";"WC_tmin12_mr26_2070";"WC_tmin12";"MIROC-ESM";"rcp26";2070
"WorldClim";"WC_tmin12_mr45_2050";"WC_tmin12";"MIROC-ESM";"rcp45";2050
"WorldClim";"WC_tmin12_mr45_2070";"WC_tmin12";"MIROC-ESM";"rcp45";2070
"WorldClim";"WC_tmin12_mr60_2050";"WC_tmin12";"MIROC-ESM";"rcp60";2050
"WorldClim";"WC_tmin12_mr60_2070";"WC_tmin12";"MIROC-ESM";"rcp60";2070
"WorldClim";"WC_tmin12_mr85_2050";"WC_tmin12";"MIROC-ESM";"rcp85";2050
"WorldClim";"WC_tmin12_mr85_2070";"WC_tmin12";"MIROC-ESM";"rcp85";2070
"WorldClim";"WC_tmin2_cc26_2050";"WC_tmin2";"CCSM4";"rcp26";2050
"WorldClim";"WC_tmin2_cc26_2070";"WC_tmin2";"CCSM4";"rcp26";2070
"WorldClim";"WC_tmin2_cc45_2050";"WC_tmin2";"CCSM4";"rcp45";2050
"WorldClim";"WC_tmin2_cc45_2070";"WC_tmin2";"CCSM4";"rcp45";2070
"WorldClim";"WC_tmin2_cc60_2050";"WC_tmin2";"CCSM4";"rcp60";2050
"WorldClim";"WC_tmin2_cc60_2070";"WC_tmin2";"CCSM4";"rcp60";2070
"WorldClim";"WC_tmin2_cc85_2050";"WC_tmin2";"CCSM4";"rcp85";2050
"WorldClim";"WC_tmin2_cc85_2070";"WC_tmin2";"CCSM4";"rcp85";2070
"WorldClim";"WC_tmin2_he26_2050";"WC_tmin2";"HadGEM2-ES";"rcp26";2050
"WorldClim";"WC_tmin2_he26_2070";"WC_tmin2";"HadGEM2-ES";"rcp26";2070
"WorldClim";"WC_tmin2_he45_2050";"WC_tmin2";"HadGEM2-ES";"rcp45";2050
"WorldClim";"WC_tmin2_he45_2070";"WC_tmin2";"HadGEM2-ES";"rcp45";2070
"WorldClim";"WC_tmin2_he60_2050";"WC_tmin2";"HadGEM2-ES";"rcp60";2050
"WorldClim";"WC_tmin2_he60_2070";"WC_tmin2";"HadGEM2-ES";"rcp60";2070
"WorldClim";"WC_tmin2_he85_2050";"WC_tmin2";"HadGEM2-ES";"rcp85";2050
"WorldClim";"WC_tmin2_he85_2070";"WC_tmin2";"HadGEM2-ES";"rcp85";2070
"WorldClim";"WC_tmin2_mr26_2050";"WC_tmin2";"MIROC-ESM";"rcp26";2050
"WorldClim";"WC_tmin2_mr26_2070";"WC_tmin2";"MIROC-ESM";"rcp26";2070
"WorldClim";"WC_tmin2_mr45_2050";"WC_tmin2";"MIROC-ESM";"rcp45";2050
"WorldClim";"WC_tmin2_mr45_2070";"WC_tmin2";"MIROC-ESM";"rcp45";2070
"WorldClim";"WC_tmin2_mr60_2050";"WC_tmin2";"MIROC-ESM";"rcp60";2050
"WorldClim";"WC_tmin2_mr60_2070";"WC_tmin2";"MIROC-ESM";"rcp60";2070
"WorldClim";"WC_tmin2_mr85_2050";"WC_tmin2";"MIROC-ESM";"rcp85";2050
"WorldClim";"WC_tmin2_mr85_2070";"WC_tmin2";"MIROC-ESM";"rcp85";2070
"WorldClim";"WC_tmin3_cc26_2050";"WC_tmin3";"CCSM4";"rcp26";2050
"WorldClim";"WC_tmin3_cc26_2070";"WC_tmin3";"CCSM4";"rcp26";2070
"WorldClim";"WC_tmin3_cc45_2050";"WC_tmin3";"CCSM4";"rcp45";2050
"WorldClim";"WC_tmin3_cc45_2070";"WC_tmin3";"CCSM4";"rcp45";2070
"WorldClim";"WC_tmin3_cc60_2050";"WC_tmin3";"CCSM4";"rcp60";2050
"WorldClim";"WC_tmin3_cc60_2070";"WC_tmin3";"CCSM4";"rcp60";2070
"WorldClim";"WC_tmin3_cc85_2050";"WC_tmin3";"CCSM4";"rcp85";2050
"WorldClim";"WC_tmin3_cc85_2070";"WC_tmin3";"CCSM4";"rcp85";2070
"WorldClim";"WC_tmin3_he26_2050";"WC_tmin3";"HadGEM2-ES";"rcp26";2050
"WorldClim";"WC_tmin3_he26_2070";"WC_tmin3";"HadGEM2-ES";"rcp26";2070
"WorldClim";"WC_tmin3_he45_2050";"WC_tmin3";"HadGEM2-ES";"rcp45";2050
"WorldClim";"WC_tmin3_he45_2070";"WC_tmin3";"HadGEM2-ES";"rcp45";2070
"WorldClim";"WC_tmin3_he60_2050";"WC_tmin3";"HadGEM2-ES";"rcp60";2050
"WorldClim";"WC_tmin3_he60_2070";"WC_tmin3";"HadGEM2-ES";"rcp60";2070
"WorldClim";"WC_tmin3_he85_2050";"WC_tmin3";"HadGEM2-ES";"rcp85";2050
"WorldClim";"WC_tmin3_he85_2070";"WC_tmin3";"HadGEM2-ES";"rcp85";2070
"WorldClim";"WC_tmin3_mr26_2050";"WC_tmin3";"MIROC-ESM";"rcp26";2050
"WorldClim";"WC_tmin3_mr26_2070";"WC_tmin3";"MIROC-ESM";"rcp26";2070
"WorldClim";"WC_tmin3_mr45_2050";"WC_tmin3";"MIROC-ESM";"rcp45";2050
"WorldClim";"WC_tmin3_mr45_2070";"WC_tmin3";"MIROC-ESM";"rcp45";2070
"WorldClim";"WC_tmin3_mr60_2050";"WC_tmin3";"MIROC-ESM";"rcp60";2050
"WorldClim";"WC_tmin3_mr60_2070";"WC_tmin3";"MIROC-ESM";"rcp60";2070
"WorldClim";"WC_tmin3_mr85_2050";"WC_tmin3";"MIROC-ESM";"rcp85";2050
"WorldClim";"WC_tmin3_mr85_2070";"WC_tmin3";"MIROC-ESM";"rcp85";2070
"WorldClim";"WC_tmin4_cc26_2050";"WC_tmin4";"CCSM4";"rcp26";2050
"WorldClim";"WC_tmin4_cc26_2070";"WC_tmin4";"CCSM4";"rcp26";2070
"WorldClim";"WC_tmin4_cc45_2050";"WC_tmin4";"CCSM4";"rcp45";2050
"WorldClim";"WC_tmin4_cc45_2070";"WC_tmin4";"CCSM4";"rcp45";2070
"WorldClim";"WC_tmin4_cc60_2050";"WC_tmin4";"CCSM4";"rcp60";2050
"WorldClim";"WC_tmin4_cc60_2070";"WC_tmin4";"CCSM4";"rcp60";2070
"WorldClim";"WC_tmin4_cc85_2050";"WC_tmin4";"CCSM4";"rcp85";2050
"WorldClim";"WC_tmin4_cc85_2070";"WC_tmin4";"CCSM4";"rcp85";2070
"WorldClim";"WC_tmin4_he26_2050";"WC_tmin4";"HadGEM2-ES";"rcp26";2050
"WorldClim";"WC_tmin4_he26_2070";"WC_tmin4";"HadGEM2-ES";"rcp26";2070
"WorldClim";"WC_tmin4_he45_2050";"WC_tmin4";"HadGEM2-ES";"rcp45";2050
"WorldClim";"WC_tmin4_he45_2070";"WC_tmin4";"HadGEM2-ES";"rcp45";2070
"WorldClim";"WC_tmin4_he60_2050";"WC_tmin4";"HadGEM2-ES";"rcp60";2050
"WorldClim";"WC_tmin4_he60_2070";"WC_tmin4";"HadGEM2-ES";"rcp60";2070
"WorldClim";"WC_tmin4_he85_2050";"WC_tmin4";"HadGEM2-ES";"rcp85";2050
"WorldClim";"WC_tmin4_he85_2070";"WC_tmin4";"HadGEM2-ES";"rcp85";2070
"WorldClim";"WC_tmin4_mr26_2050";"WC_tmin4";"MIROC-ESM";"rcp26";2050
"WorldClim";"WC_tmin4_mr26_2070";"WC_tmin4";"MIROC-ESM";"rcp26";2070
"WorldClim";"WC_tmin4_mr45_2050";"WC_tmin4";"MIROC-ESM";"rcp45";2050
"WorldClim";"WC_tmin4_mr45_2070";"WC_tmin4";"MIROC-ESM";"rcp45";2070
"WorldClim";"WC_tmin4_mr60_2050";"WC_tmin4";"MIROC-ESM";"rcp60";2050
"WorldClim";"WC_tmin4_mr60_2070";"WC_tmin4";"MIROC-ESM";"rcp60";2070
"WorldClim";"WC_tmin4_mr85_2050";"WC_tmin4";"MIROC-ESM";"rcp85";2050
"WorldClim";"WC_tmin4_mr85_2070";"WC_tmin4";"MIROC-ESM";"rcp85";2070
"WorldClim";"WC_tmin5_cc26_2050";"WC_tmin5";"CCSM4";"rcp26";2050
"WorldClim";"WC_tmin5_cc26_2070";"WC_tmin5";"CCSM4";"rcp26";2070
"WorldClim";"WC_tmin5_cc45_2050";"WC_tmin5";"CCSM4";"rcp45";2050
"WorldClim";"WC_tmin5_cc45_2070";"WC_tmin5";"CCSM4";"rcp45";2070
"WorldClim";"WC_tmin5_cc60_2050";"WC_tmin5";"CCSM4";"rcp60";2050
"WorldClim";"WC_tmin5_cc60_2070";"WC_tmin5";"CCSM4";"rcp60";2070
"WorldClim";"WC_tmin5_cc85_2050";"WC_tmin5";"CCSM4";"rcp85";2050
"WorldClim";"WC_tmin5_cc85_2070";"WC_tmin5";"CCSM4";"rcp85";2070
"WorldClim";"WC_tmin5_he26_2050";"WC_tmin5";"HadGEM2-ES";"rcp26";2050
"WorldClim";"WC_tmin5_he26_2070";"WC_tmin5";"HadGEM2-ES";"rcp26";2070
"WorldClim";"WC_tmin5_he45_2050";"WC_tmin5";"HadGEM2-ES";"rcp45";2050
"WorldClim";"WC_tmin5_he45_2070";"WC_tmin5";"HadGEM2-ES";"rcp45";2070
"WorldClim";"WC_tmin5_he60_2050";"WC_tmin5";"HadGEM2-ES";"rcp60";2050
"WorldClim";"WC_tmin5_he60_2070";"WC_tmin5";"HadGEM2-ES";"rcp60";2070
"WorldClim";"WC_tmin5_he85_2050";"WC_tmin5";"HadGEM2-ES";"rcp85";2050
"WorldClim";"WC_tmin5_he85_2070";"WC_tmin5";"HadGEM2-ES";"rcp85";2070
"WorldClim";"WC_tmin5_mr26_2050";"WC_tmin5";"MIROC-ESM";"rcp26";2050
"WorldClim";"WC_tmin5_mr26_2070";"WC_tmin5";"MIROC-ESM";"rcp26";2070
"WorldClim";"WC_tmin5_mr45_2050";"WC_tmin5";"MIROC-ESM";"rcp45";2050
"WorldClim";"WC_tmin5_mr45_2070";"WC_tmin5";"MIROC-ESM";"rcp45";2070
"WorldClim";"WC_tmin5_mr60_2050";"WC_tmin5";"MIROC-ESM";"rcp60";2050
"WorldClim";"WC_tmin5_mr60_2070";"WC_tmin5";"MIROC-ESM";"rcp60";2070
"WorldClim";"WC_tmin5_mr85_2050";"WC_tmin5";"MIROC-ESM";"rcp85";2050
"WorldClim";"WC_tmin5_mr85_2070";"WC_tmin5";"MIROC-ESM";"rcp85";2070
"WorldClim";"WC_tmin6_cc26_2050";"WC_tmin6";"CCSM4";"rcp26";2050
"WorldClim";"WC_tmin6_cc26_2070";"WC_tmin6";"CCSM4";"rcp26";2070
"WorldClim";"WC_tmin6_cc45_2050";"WC_tmin6";"CCSM4";"rcp45";2050
"WorldClim";"WC_tmin6_cc45_2070";"WC_tmin6";"CCSM4";"rcp45";2070
"WorldClim";"WC_tmin6_cc60_2050";"WC_tmin6";"CCSM4";"rcp60";2050
"WorldClim";"WC_tmin6_cc60_2070";"WC_tmin6";"CCSM4";"rcp60";2070
"WorldClim";"WC_tmin6_cc85_2050";"WC_tmin6";"CCSM4";"rcp85";2050
"WorldClim";"WC_tmin6_cc85_2070";"WC_tmin6";"CCSM4";"rcp85";2070
"WorldClim";"WC_tmin6_he26_2050";"WC_tmin6";"HadGEM2-ES";"rcp26";2050
"WorldClim";"WC_tmin6_he26_2070";"WC_tmin6";"HadGEM2-ES";"rcp26";2070
"WorldClim";"WC_tmin6_he45_2050";"WC_tmin6";"HadGEM2-ES";"rcp45";2050
"WorldClim";"WC_tmin6_he45_2070";"WC_tmin6";"HadGEM2-ES";"rcp45";2070
"WorldClim";"WC_tmin6_he60_2050";"WC_tmin6";"HadGEM2-ES";"rcp60";2050
"WorldClim";"WC_tmin6_he60_2070";"WC_tmin6";"HadGEM2-ES";"rcp60";2070
"WorldClim";"WC_tmin6_he85_2050";"WC_tmin6";"HadGEM2-ES";"rcp85";2050
"WorldClim";"WC_tmin6_he85_2070";"WC_tmin6";"HadGEM2-ES";"rcp85";2070
"WorldClim";"WC_tmin6_mr26_2050";"WC_tmin6";"MIROC-ESM";"rcp26";2050
"WorldClim";"WC_tmin6_mr26_2070";"WC_tmin6";"MIROC-ESM";"rcp26";2070
"WorldClim";"WC_tmin6_mr45_2050";"WC_tmin6";"MIROC-ESM";"rcp45";2050
"WorldClim";"WC_tmin6_mr45_2070";"WC_tmin6";"MIROC-ESM";"rcp45";2070
"WorldClim";"WC_tmin6_mr60_2050";"WC_tmin6";"MIROC-ESM";"rcp60";2050
"WorldClim";"WC_tmin6_mr60_2070";"WC_tmin6";"MIROC-ESM";"rcp60";2070
"WorldClim";"WC_tmin6_mr85_2050";"WC_tmin6";"MIROC-ESM";"rcp85";2050
"WorldClim";"WC_tmin6_mr85_2070";"WC_tmin6";"MIROC-ESM";"rcp85";2070
"WorldClim";"WC_tmin7_cc26_2050";"WC_tmin7";"CCSM4";"rcp26";2050
"WorldClim";"WC_tmin7_cc26_2070";"WC_tmin7";"CCSM4";"rcp26";2070
"WorldClim";"WC_tmin7_cc45_2050";"WC_tmin7";"CCSM4";"rcp45";2050
"WorldClim";"WC_tmin7_cc45_2070";"WC_tmin7";"CCSM4";"rcp45";2070
"WorldClim";"WC_tmin7_cc60_2050";"WC_tmin7";"CCSM4";"rcp60";2050
"WorldClim";"WC_tmin7_cc60_2070";"WC_tmin7";"CCSM4";"rcp60";2070
"WorldClim";"WC_tmin7_cc85_2050";"WC_tmin7";"CCSM4";"rcp85";2050
"WorldClim";"WC_tmin7_cc85_2070";"WC_tmin7";"CCSM4";"rcp85";2070
"WorldClim";"WC_tmin7_he26_2050";"WC_tmin7";"HadGEM2-ES";"rcp26";2050
"WorldClim";"WC_tmin7_he26_2070";"WC_tmin7";"HadGEM2-ES";"rcp26";2070
"WorldClim";"WC_tmin7_he45_2050";"WC_tmin7";"HadGEM2-ES";"rcp45";2050
"WorldClim";"WC_tmin7_he45_2070";"WC_tmin7";"HadGEM2-ES";"rcp45";2070
"WorldClim";"WC_tmin7_he60_2050";"WC_tmin7";"HadGEM2-ES";"rcp60";2050
"WorldClim";"WC_tmin7_he60_2070";"WC_tmin7";"HadGEM2-ES";"rcp60";2070
"WorldClim";"WC_tmin7_he85_2050";"WC_tmin7";"HadGEM2-ES";"rcp85";2050
"WorldClim";"WC_tmin7_he85_2070";"WC_tmin7";"HadGEM2-ES";"rcp85";2070
"WorldClim";"WC_tmin7_mr26_2050";"WC_tmin7";"MIROC-ESM";"rcp26";2050
"WorldClim";"WC_tmin7_mr26_2070";"WC_tmin7";"MIROC-ESM";"rcp26";2070
"WorldClim";"WC_tmin7_mr45_2050";"WC_tmin7";"MIROC-ESM";"rcp45";2050
"WorldClim";"WC_tmin7_mr45_2070";"WC_tmin7";"MIROC-ESM";"rcp45";2070
"WorldClim";"WC_tmin7_mr60_2050";"WC_tmin7";"MIROC-ESM";"rcp60";2050
"WorldClim";"WC_tmin7_mr60_2070";"WC_tmin7";"MIROC-ESM";"rcp60";2070
"WorldClim";"WC_tmin7_mr85_2050";"WC_tmin7";"MIROC-ESM";"rcp85";2050
"WorldClim";"WC_tmin7_mr85_2070";"WC_tmin7";"MIROC-ESM";"rcp85";2070
"WorldClim";"WC_tmin8_cc26_2050";"WC_tmin8";"CCSM4";"rcp26";2050
"WorldClim";"WC_tmin8_cc26_2070";"WC_tmin8";"CCSM4";"rcp26";2070
"WorldClim";"WC_tmin8_cc45_2050";"WC_tmin8";"CCSM4";"rcp45";2050
"WorldClim";"WC_tmin8_cc45_2070";"WC_tmin8";"CCSM4";"rcp45";2070
"WorldClim";"WC_tmin8_cc60_2050";"WC_tmin8";"CCSM4";"rcp60";2050
"WorldClim";"WC_tmin8_cc60_2070";"WC_tmin8";"CCSM4";"rcp60";2070
"WorldClim";"WC_tmin8_cc85_2050";"WC_tmin8";"CCSM4";"rcp85";2050
"WorldClim";"WC_tmin8_cc85_2070";"WC_tmin8";"CCSM4";"rcp85";2070
"WorldClim";"WC_tmin8_he26_2050";"WC_tmin8";"HadGEM2-ES";"rcp26";2050
"WorldClim";"WC_tmin8_he26_2070";"WC_tmin8";"HadGEM2-ES";"rcp26";2070
"WorldClim";"WC_tmin8_he45_2050";"WC_tmin8";"HadGEM2-ES";"rcp45";2050
"WorldClim";"WC_tmin8_he45_2070";"WC_tmin8";"HadGEM2-ES";"rcp45";2070
"WorldClim";"WC_tmin8_he60_2050";"WC_tmin8";"HadGEM2-ES";"rcp60";2050
"WorldClim";"WC_tmin8_he60_2070";"WC_tmin8";"HadGEM2-ES";"rcp60";2070
"WorldClim";"WC_tmin8_he85_2050";"WC_tmin8";"HadGEM2-ES";"rcp85";2050
"WorldClim";"WC_tmin8_he85_2070";"WC_tmin8";"HadGEM2-ES";"rcp85";2070
"WorldClim";"WC_tmin8_mr26_2050";"WC_tmin8";"MIROC-ESM";"rcp26";2050
"WorldClim";"WC_tmin8_mr26_2070";"WC_tmin8";"MIROC-ESM";"rcp26";2070
"WorldClim";"WC_tmin8_mr45_2050";"WC_tmin8";"MIROC-ESM";"rcp45";2050
"WorldClim";"WC_tmin8_mr45_2070";"WC_tmin8";"MIROC-ESM";"rcp45";2070
"WorldClim";"WC_tmin8_mr60_2050";"WC_tmin8";"MIROC-ESM";"rcp60";2050
"WorldClim";"WC_tmin8_mr60_2070";"WC_tmin8";"MIROC-ESM";"rcp60";2070
"WorldClim";"WC_tmin8_mr85_2050";"WC_tmin8";"MIROC-ESM";"rcp85";2050
"WorldClim";"WC_tmin8_mr85_2070";"WC_tmin8";"MIROC-ESM";"rcp85";2070
"WorldClim";"WC_tmin9_cc26_2050";"WC_tmin9";"CCSM4";"rcp26";2050
"WorldClim";"WC_tmin9_cc26_2070";"WC_tmin9";"CCSM4";"rcp26";2070
"WorldClim";"WC_tmin9_cc45_2050";"WC_tmin9";"CCSM4";"rcp45";2050
"WorldClim";"WC_tmin9_cc45_2070";"WC_tmin9";"CCSM4";"rcp45";2070
"WorldClim";"WC_tmin9_cc60_2050";"WC_tmin9";"CCSM4";"rcp60";2050
"WorldClim";"WC_tmin9_cc60_2070";"WC_tmin9";"CCSM4";"rcp60";2070
"WorldClim";"WC_tmin9_cc85_2050";"WC_tmin9";"CCSM4";"rcp85";2050
"WorldClim";"WC_tmin9_cc85_2070";"WC_tmin9";"CCSM4";"rcp85";2070
"WorldClim";"WC_tmin9_he26_2050";"WC_tmin9";"HadGEM2-ES";"rcp26";2050
"WorldClim";"WC_tmin9_he26_2070";"WC_tmin9";"HadGEM2-ES";"rcp26";2070
"WorldClim";"WC_tmin9_he45_2050";"WC_tmin9";"HadGEM2-ES";"rcp45";2050
"WorldClim";"WC_tmin9_he45_2070";"WC_tmin9";"HadGEM2-ES";"rcp45";2070
"WorldClim";"WC_tmin9_he60_2050";"WC_tmin9";"HadGEM2-ES";"rcp60";2050
"WorldClim";"WC_tmin9_he60_2070";"WC_tmin9";"HadGEM2-ES";"rcp60";2070
"WorldClim";"WC_tmin9_he85_2050";"WC_tmin9";"HadGEM2-ES";"rcp85";2050
"WorldClim";"WC_tmin9_he85_2070";"WC_tmin9";"HadGEM2-ES";"rcp85";2070
"WorldClim";"WC_tmin9_mr26_2050";"WC_tmin9";"MIROC-ESM";"rcp26";2050
"WorldClim";"WC_tmin9_mr26_2070";"WC_tmin9";"MIROC-ESM";"rcp26";2070
"WorldClim";"WC_tmin9_mr45_2050";"WC_tmin9";"MIROC-ESM";"rcp45";2050
"WorldClim";"WC_tmin9_mr45_2070";"WC_tmin9";"MIROC-ESM";"rcp45";2070
"WorldClim";"WC_tmin9_mr60_2050";"WC_tmin9";"MIROC-ESM";"rcp60";2050
"WorldClim";"WC_tmin9_mr60_2070";"WC_tmin9";"MIROC-ESM";"rcp60";2070
"WorldClim";"WC_tmin9_mr85_2050";"WC_tmin9";"MIROC-ESM";"rcp85";2050
"WorldClim";"WC_tmin9_mr85_2070";"WC_tmin9";"MIROC-ESM";"rcp85";2070
